clip_id,text_label,text_confidence,acoustic_label,acoustic_confidence,final_label,confidence,flagged_for_review,mean_pitch,pitch_range,pitch_std,mean_energy,energy_std,mean_zcr,duration,clean_text,word_count,label_id
clip_0034,Calm,0.6682,Calm,0.65,Calm,0.6609,False,178.68,124.8,26.41,0.08211,0.05677,0.1207,9.44,"we can do build a push-cool-push if the first lap we have a big problem with tires. the plan is to push on lap 1, but if you have a big problem, we can abort and convert to build on single",39,0
clip_0060,Calm,0.8757,Calm,0.65,Calm,0.7854,False,115.6,124.52,34.5,0.08677,0.04925,0.1711,20.0,i can also take a small step more flat what's your point of view? what's your point of view? what's your point of view? what's your point of view? what's your point of view? the only filter i have is the 36 now we are over the limit,47,0
clip_1143,Calm,0.9228,Calm,0.65,Calm,0.8137,False,101.17,54.52,13.04,0.07734,0.06321,0.2239,20.0,"so with traffic we've got lawson on a time lap, he's 13 seconds back. behind him is a jar, 6 seconds behind lawson. heading you we've got albin the car ahead on an out lap. and then, nope, albin's on a time decrypt. and then in sector 3 we've got 4 cars on the track.",51,0
clip_1034,High Stress,0.4688,High Stress,0.7,High Stress,0.2813,False,136.53,336.93,84.95,0.07192,0.06711,0.1626,18.944,i'm not sure what's going on.,6,2
clip_1211,Calm,0.7274,High Stress,0.7,Frustrated,0.4365,False,131.22,178.44,42.13,0.06705,0.03954,0.1307,35.0,"limits at 19 would have been p1, it is p6. so lap time deleted for first time? tell me the name before. first time, lap time deleted. first time, lap time deleted. yeah, we want our other half attack in the time. yeah, okay. and then on g4, mr russell. ah, i am stupid.",50,1
clip_0632,Calm,0.912,Calm,0.65,Calm,0.8072,False,130.64,34.0,8.41,0.07243,0.04536,0.2129,4.96,"i can zoom into those corners. so yeah, see the light before you apply it, let's do it better.",19,0
clip_0223,Calm,0.8724,Calm,0.65,Calm,0.7834,False,118.64,108.54,27.93,0.08468,0.05304,0.1937,20.0,"will be mode push after turn 14, target zero on the bar and standard launch. bots 2, bucktiles box currently p2. this tap in new medium 34.5, you did a 34.5, it's got soft.",29,0
clip_0024,Calm,0.8741,Calm,0.65,Calm,0.7845,False,138.5,41.57,17.32,0.08641,0.04863,0.1892,2.24,"honestly, for me, we just need to",7,0
clip_0544,Calm,0.4808,High Stress,0.7,High Stress,0.2885,False,130.5,299.76,49.31,0.08626,0.05042,0.1541,20.0,"leclerc's turn two and three ah, the leclerc is hamilton's turn one russell's been slowly currently at a turn ten leclerc's the place behind you hamilton just left turn four well behind you is oscar on his outlet hamilton's turn",40,2
clip_0411,Calm,0.9573,Calm,0.65,Calm,0.8344,False,91.9,90.16,26.49,0.08427,0.05352,0.202,20.0,"so six ahead, good to go. at least that time is safe, so we can box. a hopper bird behind, seven seconds, completing that lewis starting at seven seconds. so strut with 13 and more boxpots. have lewis at seven seconds, currently p2 is just four",44,0
clip_1103,Frustrated,0.4284,High Stress,0.7,High Stress,0.28,False,140.5,196.97,56.04,0.08603,0.05077,0.2209,20.0,"and also exit from 3 i do something with the button strat 6 keep him behind if you can why don't you have overtake? you have overtake, you have overtake",28,2
clip_1241,Calm,0.8752,High Stress,0.7,Frustrated,0.5251,False,156.7,201.43,43.53,0.08861,0.04633,0.169,35.0,"use my code daily fuel up to get 20 off your car vertical report. the link is in the description and ping comment and it automatically applies to discount. coming back to the video, at this point you already know alonso on the radio is built different. the man hasn't exactly made a lot of friends over the years. one of his most memorable victims was jolly and palmer in italy 2017 when they had a little on track running. and this is what he said when he later found out that the brits had retired from the race.",97,1
clip_0250,High Stress,0.6568,High Stress,0.7,High Stress,0.6741,False,121.18,266.13,65.06,0.05761,0.05101,0.1883,19.872,we come into the pit lane.,6,2
clip_0576,Calm,0.7006,High Stress,0.7,High Stress,0.4203,False,167.21,1414.57,246.88,0.06862,0.0295,0.1981,20.0,"overtake is enabled antonelli has overtake behind you you have the overtake, you have the overtake as a overtake behind you you have the overtake and reminder sm in",29,2
clip_1059,Calm,0.8719,High Stress,0.7,Frustrated,0.5231,False,120.13,200.79,36.49,0.0865,0.04995,0.2093,20.0,"yeah, i got no deployment. mode slow. let's check a flag for us. yeah, i got no deployment at all. copy that, sergio. yeah, it was a half run. at the moment we are p22. and",35,1
clip_1182,Calm,0.8941,Calm,0.65,Calm,0.7965,False,98.61,64.14,10.94,0.07249,0.05165,0.2265,20.0,"he is on a new obedience, when he catches up with us, let's try not to lose time with him. okay. alright, gap two checker behind, it's 2.9. double yellow where you are, watch out for ocon and colquinto. clear. alright.",40,0
clip_0599,Calm,0.7993,Calm,0.65,Calm,0.7396,False,130.66,144.83,38.21,0.09055,0.04199,0.1748,20.0,"do you have a vwt? overtake available, charles as well. only place to improve, n31. but think about your size there. how much do i need to improve there? one tenth and a half. and the earlier full throttle out of 12.",40,0
clip_1158,Calm,0.911,Calm,0.65,Calm,0.8066,False,99.72,47.49,9.73,0.03995,0.04408,0.1858,17.6,"and it's good to go into the intel crashing start line and then we'll go into mode formation. on the formation lap, we're trying to keep the rear carcasses up. we could do some little mini burnouts in turns 6, 11 and 14 if it feels strong. otherwise, when we get to the back of the grid coming out of turn 16, let's do four burnout.",62,0
clip_0459,Calm,0.8753,Calm,0.65,Calm,0.7852,False,118.1,129.59,30.31,0.07056,0.04619,0.2108,20.0,"this is 36.9, 0.4, gap at 1.6, and this is just half a tenth slower. it's difficult to be pulling the gap out a little bit more, so you can push more, turn",30,0
clip_0843,High Stress,0.65,Calm,0.65,High Stress,0.39,False,92.41,68.54,12.79,0.08938,0.0443,0.2054,20.0,"stop, turn three. safety car, safety car, safety car, mode safety car, mode safety car. blocks? yeah, we'll stop by the box. and you know what pirate is. well, obviously it's a hard. yeah, and",35,2
clip_1309,Calm,0.8717,High Stress,0.75,Calm,0.523,False,299.74,417.94,187.38,0.08933,0.04427,0.2306,6.208,"comments that these are okay, but i will report later. comments that these are okay.",15,0
clip_0701,Calm,0.8922,Calm,0.65,Calm,0.7953,False,87.69,106.21,19.92,0.08669,0.04968,0.1554,20.0,please max box pick up the strap as well while on on the exit a yellow is where you are now strollness stop a hard time,26,0
clip_0812,Calm,0.9597,Calm,0.65,Calm,0.8358,False,91.94,55.25,10.13,0.07958,0.05116,0.1769,19.968,sector 2. we're good on time. first cop pushing the lawson 13 behind. i'll make them around the small p.u. gain by being slightly more gentle on the bottle out of 13. lawson 5.5.,29,0
clip_0761,High Stress,0.9468,Calm,0.65,High Stress,0.5681,False,97.05,81.44,14.99,0.08503,0.05236,0.2096,20.0,"hello, over. peace. something else. far behind versatappel. and some debris on this straits, offline, on the right. and linblad is out of overtake range. okay, good job, nico. currently p11. p10. our infarction is ghastly. just look at this.",38,2
clip_0944,Calm,0.9063,Calm,0.65,Calm,0.8038,False,129.36,104.79,19.49,0.06118,0.05047,0.183,20.0,"we're doing four burnouts, climbing up from the side. reminder, we've got an empty grid slot in front of us. four burnouts, empty grid slot in front of us. you can reverse, but you can position good there. okay guys, so the strat 7, we're all set. let's press the burn.",50,0
clip_0995,Calm,0.963,Calm,0.65,Calm,0.8378,False,112.86,115.91,34.51,0.06767,0.0735,0.1834,20.0,"left rear. copy that tires look okay, pressure is good. no major issues with the car at the moment, just north your tire, watch your front left.",27,0
clip_0237,Calm,0.6523,Calm,0.65,Calm,0.6514,False,124.75,142.25,32.49,0.08485,0.05018,0.1861,20.0,"single charge only p1, lewis p3, 32.56, you did a 32.49. next car pushing holkenberg 14.14 and watch your d time at the end of the lap. from the holkenberg, how far? holkenberg 6.",28,0
clip_1142,Calm,0.9173,Calm,0.65,Calm,0.8104,False,96.64,69.28,18.17,0.08045,0.05926,0.2133,20.0,"alright so we're driving straight out, we got albin on the straight opening of time, clear behind him. alright so the car behind is now lost, he's 20 seconds back on the slow, he'll be opening of lap shortly. so we're all good on time for a normal out lap.",49,0
clip_1132,High Stress,0.65,High Stress,0.75,High Stress,0.69,False,1998.49,0.0,0.0,0.07483,0.06604,0.2589,8.512,"i want you done on the way bridge. back to ignition on, fire up when we can come stop in the box. just keep an eye on alping. okay, voucher.",30,2
clip_0421,Calm,0.9388,High Stress,0.7,Calm,0.5633,False,118.85,205.45,45.93,0.05547,0.0357,0.1996,20.0,"switch the car to p2 when you're ready. so lewis passing now and then 4 clear behind him. b-norris starting at 11 seconds behind. there we go, strat mode 1. it'll be target to plus 6. target plus 6.",32,0
clip_1257,Frustrated,0.7419,High Stress,0.75,Frustrated,0.4451,False,303.26,1694.59,326.83,0.08153,0.05778,0.1895,35.0,"we need to be in the car, we need a new car. why the f do you know how this seems to me? what i said is going to be a two stopper. what the f ? come on, this guy is the f ! get out of the f ! why? dvd, engine. dvd. yeah! yuki, we need to push harder on tyres, they are looking good now, we need to open the gap to metal. you can push harder.",78,1
clip_0542,Calm,0.9681,Calm,0.65,Calm,0.8409,False,148.09,63.31,13.25,0.09285,0.03595,0.1953,3.648,"and clearly he's just passed that finish line, he's safe to go so he'll be ahead.",16,0
clip_0455,Calm,0.8845,Calm,0.65,Calm,0.7907,False,95.94,77.58,13.21,0.08546,0.05143,0.1889,20.0,7.5 used available to defend 0.9 1.0 0.9 0.9 0.9 that thresholds at 1.8 0.8 debris off,9,0
clip_0425,Calm,0.8446,Calm,0.65,Calm,0.7668,False,93.55,82.37,15.68,0.08495,0.05253,0.1891,20.0,"this car behind, and then the next car will be a norris at 10 seconds. norris at 9 seconds. norris at 6 behind. it's a bit late and watch the white line. so we're just stopping the marks and we'll be back in the garage.",42,0
clip_0028,Calm,0.9594,Calm,0.65,Calm,0.8356,False,174.43,93.63,23.59,0.08607,0.04991,0.1264,3.104,"yeah, it's the same for everyone. we have telemetry on the radio hall.",13,0
clip_0308,Calm,0.754,High Stress,0.7,Frustrated,0.4524,False,101.54,203.92,57.29,0.0868,0.04944,0.1434,20.0,"thank you. keep your best. carlos, well done. that is really an incredibly strong drive. we'll come back strong at the car. it's just going to keep getting better almost, but it's good to get on the board with points. really, really well done. yeah, thank you.",47,1
clip_1306,High Stress,0.6565,High Stress,0.7,High Stress,0.6739,False,185.28,413.94,117.92,0.08297,0.05506,0.0954,6.432,"yeah, we know we're looking into it. unbelievable. it is so f ing unbelievable.",14,2
clip_0200,Calm,0.8572,Calm,0.65,Calm,0.7743,False,98.0,109.21,18.47,0.08377,0.05432,0.1592,20.0,"the wind has increased a couple of times in the engine. your head wind has 7.8. start but then slow head, turn 12. just then slow. then slow to head, to head. you're racing for the topo.",35,0
clip_1294,Frustrated,0.3727,High Stress,0.7,High Stress,0.28,False,179.92,387.49,80.98,0.05039,0.0438,0.1554,29.864,"i do not know what to say about that. i know what to say. i hope he i can't find him now in the pedo because he is he's such an idiot. you get taken out while he's being lapped. i don't know what to say. so, i mean, i'm happy for a second, but we should have won today. obviously, you went to see him after the race as well. what was said, did he try to apologise to you? no, he gave a really stupid response there. so, yeah, i think we're all passionate, so those things happen.",100,2
clip_0791,Calm,0.9368,Calm,0.65,Calm,0.8221,False,103.25,87.96,19.48,0.06778,0.04384,0.187,20.0,how was the locking in step six? i did once for some bear with that let me know what you think on the outnub. yeah we'll let you know. right there on pit exit six by four if you want that's good. 23 behind dusty 13 behind on the push. that's the last as you can.,54,0
clip_0123,Calm,0.5633,Calm,0.65,Calm,0.598,False,132.06,117.72,30.35,0.05839,0.05844,0.1429,13.664,"and you want back to b2 and right-file instruction get the power point on your phone and you stop it ok go ahead just seat tight, vp17 if there is anything happen",29,0
clip_0903,Calm,0.9328,Calm,0.65,Calm,0.8197,False,113.61,130.0,26.63,0.08663,0.04974,0.1541,20.0,"down you fail a4-0, 4-0, you clear a pit exit, fail a4-0. you're good. so normal outlet, please. so weaving those straight modes. franco behind us just finished the time lap. going to go 200 through 7.",32,0
clip_0191,Calm,0.885,Calm,0.65,Calm,0.791,False,102.78,125.74,21.16,0.07589,0.04997,0.1651,20.0,we have to go through the metal. this medium is gonna take 20 to go. we need to do 15 of 70 cars. all that is tires for restart.,27,0
clip_0835,Calm,0.8459,Calm,0.65,Calm,0.7676,False,97.27,90.31,15.21,0.08504,0.05173,0.1899,3.488,"so when you stop at p1 short pause and p0, we're gonna leave.",12,0
clip_0618,Calm,0.9638,Calm,0.65,Calm,0.8383,False,165.59,140.73,39.56,0.06611,0.07422,0.22,2.624,we join the queue and switch off.,7,0
clip_1113,Calm,0.6747,High Stress,0.7,Calm,0.4048,False,167.08,1551.54,219.14,0.06025,0.04325,0.2113,20.0,"no power there, okay. overtake is active. i think they need no power there. we see that, we are on it. okay, no power there. after three nine seconds. yeah, we see. we are looking.",35,0
clip_1274,Calm,0.6964,High Stress,0.75,Calm,0.4178,False,273.01,1326.91,250.82,0.09229,0.03842,0.171,35.0,"further down the field and look, nico rosberg for the second time this race is forcing someone wide. and then he's supposed to now leave him a car's width on the outside which he did. but it's fairly aggressive stuff again from nico rosberg. unfortunately, i think you have to leave the space. all the time you have to leave the space. okay? he's saying you've got to leave me a space on both sides of the race track. not what the regulation says, i understand it. fernando made it pretty clear, he said you have to leave the space. all the time you have to leave the space.",109,0
clip_0590,Calm,0.8502,High Stress,0.7,High Stress,0.5101,False,115.44,161.24,35.8,0.08836,0.04656,0.1904,20.0,"a, think about your task. you have overtake. don't have battery. depth you on the back straight, stay on the left, stay on the left. it will power me. we are on it. use boost on the main straight. don't have.",41,2
clip_0753,High Stress,0.6045,Calm,0.65,Calm,0.3627,False,93.94,58.09,8.98,0.08067,0.04496,0.2014,20.0,"to suffer more from graining. multi b10 position free, multi b10 position free. that's lawson and birstaphin in the pit lane. in front of bairman is lin vlad on a hard currently b10. doing a great job so far nico this race is coming in our direction we are still on plan a.",50,0
clip_1019,Calm,0.6002,High Stress,0.7,Calm,0.3601,False,153.24,318.71,87.63,0.06532,0.06048,0.1732,20.0,trying to retake second place gets to the inside. he's got it. leclerc is going to come back through though. sri karz battling hard gap at 6.9. amazing commitment.,28,0
clip_0767,Calm,0.8898,Calm,0.65,Calm,0.7939,False,96.5,55.71,12.17,0.08231,0.05649,0.1965,20.0,"one. that's ocon on the pit lane and eb plus two, engine braking plus two. car in front are outside of overtake range. small press energy in turn seven. just waiting for saving. now we're building a tire delta. this is good for us.",44,0
clip_1264,Calm,0.6914,High Stress,0.75,High Stress,0.4149,False,239.35,398.09,112.48,0.07703,0.06177,0.2788,11.072,"stay out, stay out, stay out, stay out, stay out, stay out, stay out, stay out, stay out, stay out, stay out, stay out, stay out, stay out, stay out, stay out, stay out, stay out, stay out, stay out, stay out, stay out, stay out, stay out, stay out, stay out, stay out, stay out, stay out, stay out, stay out, stay out, stay out, stay out, stay out, stay out, stay out, stay out, stay out, stay out, stay out, stay out, stay out, stay out, stay out, stay out, stay out, stay out, stay out, stay out, stay out, stay out, stay out, stay out, stay out, stay out, stay out, stay out, stay out, stay out, stay out, stay out, stay out, stay out, stay out, stay out, stay out, stay out, stay out, stay out, stay out, stay out, stay out, stay out, stay out, stay out, stay out, stay out, stay out, stay out, stay out, stay out, stay out, stay out, stay out, stay out, stay out, stay out, stay out, stay out, stay out, stay out, stay out, stay out, stay out, stay out, stay out, stay out, stay out, stay out, stay out, stay out, stay out, stay out, stay out, stay out, stay out, stay out, stay out, stay out, stay out, stay out, stay out, stay out, stay out, stay out, stay out, stay out, stay out, stay out, stay out, stay out, stay out, stay out, stay out, stay out, stay out, stay out, stay out, stay out, stay out, stay out, stay out, stay out, stay out, stay out, stay out, stay out, stay out, stay out, stay out, stay out, stay out, stay out, stay out, stay out, stay out, stay out, stay out, stay out, stay out, stay out, stay out, stay out, stay out, stay out, stay out, stay out, stay out, stay out, stay out, stay out, stay out, stay out, stay out, stay out, stay out, stay out, stay out, stay out, stay out, stay out, stay out, stay out, stay out, stay out, stay out, stay out, stay out, stay out, stay out, stay out, stay out, stay out, stay out, stay out, stay out, stay out, stay out, stay out, stay out, stay out, stay out, stay out, stay out, stay out, stay out, stay out, stay out, stay out, stay out, stay out, stay out, stay out, stay out, stay out, stay out, stay out, stay out, stay out, stay out, stay out, stay out, stay out, stay out, stay out, stay out, stay out, stay out, stay out, stay out, stay out",444,2
clip_1192,Calm,0.8712,Calm,0.65,Calm,0.7827,False,103.12,89.26,22.16,0.08492,0.05256,0.217,20.0,"on top of it and for info, oakon boxed. so we are currently p13. okay, valtry, so how are the tires and how much management do you think you're doing? the entire self for sure, wearing but no big drama. i'm doing about solid points to stick to the management.",49,0
clip_1091,Calm,0.8076,Calm,0.65,Calm,0.7445,False,124.87,99.51,25.23,0.08714,0.04884,0.2424,20.0,"gap to bottas is 2 seconds, just 2 seconds, alonso has lost overtake from you. valterri running 40.1. gap to valterri still 2 seconds. gap to valterri is 1.6. fernandes running 140.2, he's on 20 lap hold half.",31,0
clip_0697,Calm,0.9233,Calm,0.65,Calm,0.814,False,91.85,9.17,2.96,0.06819,0.04297,0.2183,2.496,"yes, correct, man. piaz sri was world off the grid.",10,0
clip_0923,Calm,0.9097,Calm,0.65,Calm,0.8058,False,102.54,113.56,28.35,0.08604,0.0507,0.1619,20.0,"they pull enough in front of the garage. you've got hamilton five behind. hamilton time lap five. great mode down to six, no weaving. hamilton not pushing behind the car. hamilton clear behind. straight mode to six, no weaving. steady on track. portion on track.",45,0
clip_0786,Calm,0.8762,Calm,0.65,Calm,0.7857,False,96.61,66.94,12.56,0.08322,0.0439,0.1797,20.0,"250 industry here, halbohlson 2.3 yeah, confirm, right behind industry, 1414, 275 if you can confirm, tailwind 20 kph, turn 6, turn 11 60 kph, turn 14",18,0
clip_0025,Calm,0.8757,High Stress,0.7,Calm,0.5254,False,122.41,261.56,73.87,0.08004,0.05564,0.1951,19.68,thanks for watching guys!,4,0
clip_0743,Calm,0.8757,High Stress,0.7,Calm,0.5254,False,122.25,261.56,74.19,0.08016,0.05566,0.1948,19.68,thanks for watching guys!,4,0
clip_0430,Calm,0.964,Calm,0.65,Calm,0.8384,False,91.57,95.82,21.8,0.08716,0.04882,0.1648,20.0,"so we'll box box, so strap 13. so george is out and running. just wait for other cars to complete their laps. so the car will be george. he is currently at 21 seconds.",32,0
clip_0860,Calm,0.7993,Calm,0.65,Calm,0.7396,False,113.78,134.14,38.54,0.08984,0.0436,0.1983,20.0,"max 3 behind. good job. okay ollie 23 to go. it's been a debris in turn 23. perfect through there. really good lap, ollie. how's the balance? yeah it's good. the tires will not really start if there's a safety car. see.",39,0
clip_0277,Calm,0.5071,High Stress,0.7,Calm,0.3043,False,144.85,162.57,55.71,0.07753,0.03898,0.1581,20.0,"remember forever though. so, pick up rubber where you can mate, pick up rubber where you can. thank you everyone, thank you so much. you made me achieve one of my dreams. thank you.",34,0
clip_0413,Calm,0.9528,Calm,0.65,Calm,0.8317,False,89.8,82.28,13.88,0.08423,0.05373,0.2076,20.0,"it's very small gaps, it's all sectors. still no pressure behind. stay on top of your delta. next car on the left side at 10 seconds. now it's left side spider-backed off, so you just stay on line, keep ties clean. so yeah, sure.",42,0
clip_0217,Calm,0.7881,High Stress,0.7,Calm,0.4729,False,91.43,154.59,28.84,0.08274,0.05595,0.1729,20.0,but it's good to get on the board with points really really well done. yeah thank you let's hope this is a sensitive bonus of motivation for everyone to dig deep now that is that time that's this interview.,39,0
clip_0071,High Stress,0.5118,High Stress,0.7,Calm,0.5871,False,145.98,207.09,63.77,0.07698,0.04676,0.1622,19.68,"hot tap was good. only correction if you try to avoid the stop exit last corner. hot tap marche. so it's 20 milliseconds to liam on 10-6 main limitation. we have a look. oops, oops, sorry, i'm sorry. happy no-clap at your target. we maximized the score.",44,0
clip_0707,Calm,0.8172,High Stress,0.7,Calm,0.4903,False,116.31,196.56,46.87,0.08697,0.04905,0.1934,20.0,"so increase your lift off just try and get that battery on max so this is my north, over 10m this is a standard deployment for no overtaking ok so, bare with last lap 37.6 max, we equal",36,0
clip_1359,Calm,0.6777,High Stress,0.7,Frustrated,0.4066,False,353.22,807.32,197.04,0.05773,0.0397,0.1144,22.184,"it's like someone that can't dance. something magical from you, what would you say to them? don't. simple as that.",20,1
clip_0560,Calm,0.6556,High Stress,0.7,High Stress,0.3934,False,113.6,172.74,39.71,0.09217,0.03845,0.1968,20.0,"second sector, you were 1-10 faster. and 2-10 faster, second. both are lit to 5 behind. that's going to last corner. yes, we saw. both are lit to 3.",25,2
clip_0648,High Stress,0.7296,Calm,0.65,Calm,0.4377,False,119.08,39.79,10.85,0.0641,0.06605,0.1604,3.84,"this was p14, unfortunately with that yellow plug.",7,0
clip_1188,Calm,0.7054,Calm,0.65,Calm,0.6832,False,96.97,66.16,13.49,0.08618,0.05053,0.2233,20.0,"behind him. 15 laps remaining. car behind is russell, we have a blue flag. 1.2 behind russell is checo. both you and checo have overtake. gap to checo behind 1.2. car behind",29,0
clip_0611,Calm,0.8554,Calm,0.65,Calm,0.7732,False,117.52,129.07,31.81,0.09104,0.04107,0.1903,20.0,"3 seconds 6 times to go when you cross the line 210 faster than charles, 4x4, apex 16, the rest is good got behind 3.3 and watch for braking 1014, charles behind you is locking a lot",30,0
clip_0782,Calm,0.9578,Calm,0.65,Calm,0.8347,False,109.52,91.59,32.34,0.0769,0.05521,0.1369,2.848,so we expect the other sync with them when we're on track.,12,0
clip_0512,Calm,0.9376,Calm,0.65,Calm,0.8226,False,150.44,118.89,30.57,0.09014,0.04305,0.2018,15.648,"the lamps will just push as hard as we can on the outlap. we'll do weaving everywhere. i don't even know what the flap is. what's that huge under and over? i know, i know. i can see everything. i know. we're going to take off a chunk of our balance. that'll just get it a little more calm, and we'll get the tires warmed up, and it'll be ok. so we're just going to push on this outlap. you'll weave everywhere.",81,0
clip_0276,Frustrated,0.6226,High Stress,0.75,High Stress,0.3736,False,272.55,2027.6,281.57,0.08801,0.04724,0.1625,20.0,"yes kimmy, come on my son! yes! yes man! we did it! we did it! we did it man! well done there mates! first race win!",26,2
clip_0046,Calm,0.8435,High Stress,0.7,High Stress,0.5061,False,140.27,178.45,55.48,0.09117,0.04089,0.1714,20.0,"vision is good. charge off, charge off. 32 gold from 1. yeah, that's just box. negative, negative. stay out. blue button, higher pm. we need to pass it for the next one. albon pushing 2. albon pushing",34,2
clip_0325,High Stress,0.65,Calm,0.65,High Stress,0.39,False,94.36,72.12,11.91,0.0878,0.04726,0.1703,20.0,"it's on fire. it can be 15 seconds. first cut on a lap. 9 seconds. that's haja. haja at 8 seconds on a lap. hulk, there you go again. he's gone for a head. you just have to build that gap to him.",40,2
clip_1127,Calm,0.942,Calm,0.65,Calm,0.8252,False,97.42,77.25,17.15,0.08277,0.05591,0.2307,20.0,on our outlap. so we're happy to push through 789 for tire. all gears are seat. so we can keep working the tires. so all cars on outlaps currently 10 cars on track. and then down the back straight we're happy to go to dash.,43,0
clip_0114,Calm,0.8673,High Stress,0.7,Calm,0.5204,False,114.31,197.73,36.46,0.08811,0.04698,0.1455,20.0,"so do your lap go back ahead of you you're on a slow lap, you can push through with two heads just happen to be in sync with you good focus on the robot for the full axle and waving 15 was improved, 10-11, 15 was ok just happen to send a head",50,0
clip_0637,Calm,0.9746,Calm,0.65,Calm,0.8448,False,164.41,59.46,15.07,0.06905,0.07168,0.2373,3.456,yes. happy to keep the flap.,6,0
clip_0790,Frustrated,0.9072,Calm,0.65,Frustrated,0.5443,False,134.24,64.23,15.19,0.08862,0.04492,0.1866,2.56,i had a bit of a snap in it.,9,1
clip_1041,Calm,0.4642,High Stress,0.7,High Stress,0.28,False,139.56,259.68,49.2,0.08164,0.05757,0.222,19.648,"oh, jesus. yeah, well done. very well managed, jolly. i can job. oh, rona, when you told me stop managing tires, i wanted to kill you first. copy. i wasn't managing since, i guess, lap 5. and before i forget, this one is dedicated to my mom. it's mother's day today.",50,2
clip_0522,Calm,0.8817,High Stress,0.7,Calm,0.529,False,142.37,322.09,63.47,0.08793,0.0473,0.1564,20.0,"the roof top of it. yeah, understood. there's still two cars ahead to go, stroll's just had a 13. one car ahead to go, which is signed for when you can see. stroll is approaching turn 14 now, and lado happy to complete.",41,0
clip_0652,Calm,0.4099,Calm,0.65,Calm,0.5059,False,133.8,140.71,24.97,0.04944,0.04983,0.1287,7.712,"okay, go for that.",4,0
clip_0428,Calm,0.7261,Calm,0.65,Calm,0.6957,False,100.03,131.73,29.51,0.0836,0.05465,0.1963,20.0,first first start to the lap will be gasly 16 seconds. so fast car to first car to set a time other than us and that's three tenths behind. so still no pressure behind 15 to gasly. still no pressure behind.,39,0
clip_1214,Calm,0.7207,High Stress,0.7,Frustrated,0.4324,False,103.64,157.15,37.41,0.08675,0.04657,0.1334,35.0,"we will pitch with the car is hot gain speed and lift off please. yeah, yeah, that's what i'm doing. but anyway. i'm in front of the airport. there's something strapped with the engine. okay, copy that. we are taking it. there's some friction with the engine. what's happening? yes, whatever you want.",53,1
clip_0038,Calm,0.9574,High Stress,0.7,Calm,0.5745,False,167.44,406.28,84.2,0.08703,0.04902,0.1593,20.0,"i look at it to call it for everyone, i'll be down the virtual door, i'll keep the process. we need to sync 7 to 8 gear, offset 0, smooth in 1, position 10. that's a very low limit if you want to go to the belt. we try to push, we can about push.",50,0
clip_0541,Calm,0.4378,Calm,0.65,High Stress,0.5227,False,148.19,103.83,15.85,0.08679,0.04865,0.2167,3.232,antony lee is approaching the final corner now.,8,2
clip_0204,Calm,0.963,Calm,0.65,Calm,0.8378,False,100.28,105.11,21.14,0.08669,0.04945,0.1551,20.0,"we missed with the compact, but if we don't need to start with product though, we have the test to stay ahead of the compact. okay, give it to me then. i will get. this is earlier.",37,0
clip_1180,Calm,0.9452,Calm,0.65,Calm,0.8271,False,97.88,70.8,18.81,0.07493,0.04914,0.2363,20.0,the so about that which you can help yellow turn fourteen the way you are clear check over one,19,0
clip_0595,Calm,0.7533,High Stress,0.7,Calm,0.452,False,156.89,1406.14,201.35,0.08559,0.04652,0.1922,20.0,"and a light toggle for 16, a light toggle let me know if the gear i'm using is wrong copy 16 was good and gears are good my dash, the cap i'm showing is the hr force let me know",38,0
clip_1268,Calm,0.6231,High Stress,0.75,Frustrated,0.3739,False,243.44,384.88,118.52,0.08517,0.05211,0.2263,35.0,"why did you not tell me about alonso? no, alonso too. yeah, i know. i did say. fernando, do you think we should do a new set of ints or wets, new ints or wets? i think we should go to the garage. i don't know mate, put whatever tyre you want. you know, the last sector is impossible so, even if you put a rocket ship we will be 11. fernando alonso is waiting, fernando alonso on the inside of his teammate, forces fernando alonso wide and they make contact. the two lps but managed to keep going.",98,1
clip_1199,Calm,0.7846,Calm,0.65,Calm,0.7307,False,90.62,56.97,15.54,0.05571,0.05366,0.2061,19.968,"and hulkenberg 11th, 12th was linblad, 13th yourself, ocon behind, and then chaco in e15. all right, so once we box, minder, pull into the plane, and then we will switch off. we'll be going to p0.",32,0
clip_0638,High Stress,0.7409,Calm,0.65,Calm,0.4445,False,138.54,90.46,21.86,0.08464,0.05224,0.1694,2.944,"i can't be very sorry for peter. happy to see you, sir.",12,0
clip_1017,Frustrated,0.8024,High Stress,0.7,Frustrated,0.4815,False,166.13,760.42,123.0,0.0729,0.06819,0.1964,19.968,"well, that's late on the brakes in second position for charles leclerc, who gets past lewis hamilton. what the fuck's he doing? lewis will have overtake. the front just backs up lewis.",32,1
clip_1247,Calm,0.6799,High Stress,0.7,Frustrated,0.4079,False,181.32,939.63,167.41,0.08457,0.05327,0.1774,31.776,"this is not just his rivals that catch the smoke, his own team does too when they mess it up, like in austin 2021 after a painfully slow pit stop. or even himself, like in singapore 2025 when he messed up the gears and just went off on the radio. and following max's example, there's one guy we're really gonna miss, sunoda. seriously, the japanese lad doesn't let anything slide.",69,1
clip_0940,Calm,0.8388,Calm,0.65,Calm,0.7633,False,103.9,121.74,33.66,0.08263,0.05616,0.1654,20.0,"so two and a half to norris in front and another half to tencent to the s3. box box into power front. so, what was the time of the red bull? the staff in 33.0, he's in 38 and another 10th and a bit off for hajar, 33.1.",43,0
clip_0907,Calm,0.9259,Calm,0.65,Calm,0.8155,False,102.23,77.31,20.18,0.0876,0.04807,0.1662,20.0,the car in front of limblads an eight second gap. that's good there. so steintz nine seconds ahead. all these cars pushing next time. so we're going to go standard lap from nine. hold this position. okay so from nine we're going to go standard.,45,0
clip_0489,Calm,0.9452,Calm,0.65,Calm,0.8271,False,122.96,46.44,10.73,0.08375,0.05388,0.2118,3.808,"okay lance, when you get there you can switch off the radio check",13,0
clip_0759,Calm,0.9323,High Stress,0.7,Calm,0.5594,False,95.89,153.95,29.76,0.09139,0.04027,0.193,20.0,pretty much yeah everyone else bit a hard and we think most of them will try to go till the end. we are still on plan a. could be the end of this one. and safety car will be in this one. you can stay in mode sc for now.,49,0
clip_0649,Calm,0.8757,High Stress,0.7,Calm,0.5254,False,127.62,262.32,79.49,0.07768,0.0544,0.1952,19.808,thanks for watching guys!,4,0
clip_0363,Calm,0.9547,Calm,0.65,Calm,0.8328,False,99.7,104.11,24.79,0.08027,0.04651,0.1844,20.0,delta will be good for the flag. set dip by speed 3. got leclerc at 8 seconds. deva at 6. now we don't have time to attempt to do your best. 6 to leclerc.,30,0
clip_0395,Calm,0.5089,High Stress,0.7,High Stress,0.3053,False,118.49,178.7,47.02,0.08995,0.04344,0.1726,20.0,"3, 4 copy w yellow turn 3 saves car window now we are in saves car window just make clear though maybe some debris that's 2, 3",22,2
clip_0393,High Stress,0.65,Calm,0.65,High Stress,0.39,False,99.12,145.71,26.2,0.08846,0.04644,0.1964,20.0,"1 second, 0.8 the clerk will have to overtake that's about time for a pimmie 36, 2 0.9 get fired",15,2
clip_0828,Calm,0.7285,Calm,0.65,Calm,0.6971,False,95.94,121.74,22.2,0.08598,0.05036,0.1822,20.0,70 kph in turn 6 220 in turn 7 170 in turn 8 100 in turn 9 250 in the straight 80 in turn 11,14,0
clip_0257,Calm,0.927,Calm,0.65,Calm,0.8162,False,115.02,106.5,30.08,0.07988,0.04709,0.204,20.0,"switch position yellow brake balance plus one, rear locking phase two mode fw suggested radio 4",15,0
clip_0873,High Stress,0.5713,High Stress,0.7,High Stress,0.3428,False,171.45,617.1,128.74,0.07962,0.05176,0.1826,20.0,"yahoo! that was amazing! very tough mate, very deserve, very tough, great job. nice work everyone, fuck me that was awesome, great work, incredible work. yeah well done alec, good job. well, mr. mann?",33,2
clip_0810,Calm,0.8633,Calm,0.65,Calm,0.778,False,102.05,70.41,15.63,0.08667,0.04389,0.1751,19.392,"here is a big gap behind russell 3. on the push lap, russell 3, on the push lap you can try dx out of 14. dx10, so that's multi-green dx10 at the last corner on the push lap. can i do it in the back straight?",40,0
clip_0312,High Stress,0.65,High Stress,0.7,Frustrated,0.39,False,120.95,333.78,63.54,0.08531,0.04855,0.1443,20.0,"i stuck it, the fires were destroyed. oh my god, i messed up. we had to give it all, all we had, mate. we had to give it all we had.",31,1
clip_0581,High Stress,0.7075,High Stress,0.7,High Stress,0.4245,False,168.44,1409.47,205.14,0.08772,0.04772,0.1724,20.0,"what? switch position red earlier braking, turn 14, let's speak they're just rolling away ahead copy entry 5, mid 2, suggestion entry 5, mid 2 we are on plan a we are on plan a, shall overtake biaunin",33,2
clip_0365,Calm,0.6651,Calm,0.65,Calm,0.659,False,92.76,85.18,13.01,0.08983,0.04363,0.1683,20.0,"i'll run 32-3 for kimmy i got the blur at 4.5 seconds just check b bar, b big, i'm in prep position the steering wheel blur at 4 3 2 seconds clear behind the blur",30,0
clip_0438,Calm,0.8958,Calm,0.65,Calm,0.7975,False,104.32,83.61,16.06,0.07948,0.05559,0.1848,20.0,"all gone up steps. last car approaching the grid. now, remember early press turn four. so lewis 1.3 ahead, mclare put four behind. one second ahead, put seven behind. maybe debris exit turn three, overtake mode enabled.",36,0
clip_0254,Calm,0.7071,Calm,0.65,Calm,0.6842,False,110.04,133.36,25.52,0.08017,0.05959,0.2032,20.0,we need green 8 position 6 please. green 8 position 6. done. thank you. four burnouts please. four burnouts. last car is on the grid. overtake enabled. russell not taking one.,27,0
clip_0383,Calm,0.8625,Calm,0.65,Calm,0.7775,False,85.81,102.29,19.82,0.08034,0.04556,0.1797,20.0,"so on exit, behind him, ocon, 2 seconds, close up a little bit, so ocon, 2nd is at turn 3. so in that first instance, the main lost in himming there was 11 minimum speed. so it's about the",35,0
clip_0668,Calm,0.8997,Calm,0.65,Calm,0.7998,False,145.15,124.48,38.54,0.08705,0.049,0.1985,20.0,"i am 14, just let left with sound, even check. bobby, you can press boost out of 14 to get within a second of holkenberg. bobby, i need to get closer before i can do this. bobby, compared to holkenberg, we're losing braking, 3-11.",41,0
clip_1020,Calm,0.8883,High Stress,0.7,High Stress,0.533,False,120.52,256.69,69.95,0.05748,0.06106,0.1671,20.0,from lewis hamilton and he retakes seconds. shalekler gets by.,10,2
clip_0961,Calm,0.8409,Calm,0.65,Calm,0.7645,False,104.49,92.02,22.57,0.08333,0.05512,0.1645,20.0,"okay mate, so we are going to go strat 7 at turn 14. you can go strat 7 if cars go before. reminder, less than 50 throttle. batteries full. charge level is high. okay mate, charge level getting high. keep up 50 throttle please. i'll pull it away. no be strat 7.",46,0
clip_0080,Calm,0.942,High Stress,0.7,High Stress,0.5652,False,162.88,437.32,114.33,0.087,0.04875,0.1446,20.0,"stick. very good. same on left, please. easy on power. a bit of breathing. we focus second half of the straight and last half. we have a little time ahead. the absolute behind.",33,2
clip_0239,Frustrated,0.662,Calm,0.65,Frustrated,0.3972,False,116.1,129.83,31.6,0.08671,0.04961,0.191,20.0,"these three. antonelli, six seconds behind the fishing. we are okay with a lap, but we want to practice anyway. antonelli, four. track is clear. can go mode. a boat. what the fuck are",34,1
clip_0496,Calm,0.933,High Stress,0.75,Calm,0.5598,False,359.35,1933.08,538.24,0.07336,0.05531,0.239,19.968,30 seconds 30 seconds that's the green light just make sure you make a good gap before safety car two okay lance you have a good gap ahead seven seconds to lin blatt and then he has an eight second gap so that's all good,43,0
clip_0984,Calm,0.8836,Calm,0.65,Calm,0.7902,False,125.17,107.3,40.72,0.08588,0.05067,0.1616,7.616,i would get it. still very good effort. where did franco finish? franco finished.,14,0
clip_0253,Calm,0.9193,Calm,0.65,Calm,0.8116,False,106.12,114.32,23.49,0.04884,0.04002,0.2196,20.0,"the end of the lap. 15 seconds, 10 seconds, 5 seconds. when you can green 8, position 5, position 6, correction, green 8, position 6.",17,0
clip_0353,Calm,0.8821,Calm,0.65,Calm,0.7892,False,117.51,141.53,37.47,0.08916,0.04505,0.1739,20.0,"just bring it back here if we can. can i try pulling the clutch or something? leave me posted on traffic. one minute. so, blee default 0-1. blee default 0-1. give me 22 seconds on a lap. default 0-1 not working.",37,0
clip_0789,Calm,0.9206,High Stress,0.7,Calm,0.5523,False,144.89,1932.32,301.23,0.08223,0.05676,0.196,19.968,"okay, we're planning single fuel, ollie, single fuel. copy. box, box is still clear behind. and we're good on timing. we've got about three minutes in the garage. we're wet, which what was the wind in?",36,0
clip_1075,Calm,0.9072,High Stress,0.7,High Stress,0.5443,False,137.61,274.22,38.48,0.08727,0.04855,0.216,20.0,"yeah, please check the nit. we are on it, we are on it. and we think the aero has shifted one compound step rearward for info. we don't know, we can check. the aero has shifted a bit more rearward, so it's more understeering.",44,2
clip_0442,Calm,0.8973,Calm,0.65,Calm,0.7984,False,111.98,119.21,28.88,0.08343,0.05491,0.1985,20.0,"1.5 and just be careful with that turn one of sliding energy over the peak last lap. the indian rubber is now showing some sides of graining, it's now on top of the management. it's now on top of the management. george at 37.4, lewis state at 79.",45,0
clip_1343,Calm,0.8158,Calm,0.65,Calm,0.7495,False,96.38,583.07,38.18,0.04993,0.04108,0.2044,19.264,like a tutorial on how to drive,7,0
clip_0762,Calm,0.9575,Calm,0.65,Calm,0.8345,False,105.12,90.11,22.97,0.08506,0.05228,0.1885,20.0,"they're just pulling away from us in every exit. yeah, nico, a lot of this is just related to if we are in overtake range or not. it should be better this lap if we are in range now. all the guys in front are in range. yeah, i know you don't understand that, but stay in range for that further protein exit.",63,0
clip_0778,Calm,0.7757,Calm,0.65,Calm,0.7254,False,89.66,57.39,7.66,0.08881,0.04573,0.1857,20.0,"seconds. sock free, sock free. starting the last lap now. you can press and hold enter now. press and hold the whole street. and that's the checkered flag and p11 niko, p11. and for info, policinto caught up with sines and was not able to overtake him. sines p9",46,0
clip_0140,Calm,0.9428,Calm,0.65,Calm,0.8257,False,101.2,81.43,14.96,0.08861,0.04616,0.1763,20.0,we are not racing him. we are not racing him. we are not just competing. we are not just competing. we are not just competing. we are not just competing. we are not just competing. we are not just competing. we are not just competing. we are not just competing. we are not just competing. we are not just competing.,60,0
clip_1077,Calm,0.9342,High Stress,0.7,High Stress,0.5605,False,199.76,1024.28,215.72,0.08317,0.05523,0.2263,20.0,"and fultery is 5 seconds ahead of you. safety car. b-u9, position 5. yes, i'm there. yeah, yeah, confirmed, that's good. oh, they see, watch your delta, keep it positive. keep it positive.",30,2
clip_0452,Calm,0.9304,High Stress,0.7,Calm,0.5582,False,99.41,279.81,45.67,0.08586,0.05084,0.1845,20.0,restart. we also have a diff-paget available. so we start with 7th and restart. 12 position 1 hpp 12 position 1. we have control. so we're going to start the cockpit to offer 10 lap older hard times.,31,0
clip_0488,Calm,0.5121,Calm,0.65,Calm,0.5673,False,131.99,51.45,12.2,0.06975,0.07064,0.1733,2.176,"don't go too early, yeah? the blanket's on.",8,0
clip_0879,High Stress,0.669,High Stress,0.7,High Stress,0.6814,False,124.71,158.44,39.12,0.08724,0.04863,0.1912,20.0,"i'm trying man. stop saving tyres, sorry that you will get there. yeah exactly, if i wasn't saving tyres i would have been able to win probably. very dumb mate, honestly we're so happy for everyone, for you. very dumb.",40,2
clip_0434,Calm,0.8757,High Stress,0.7,Calm,0.5254,False,121.81,264.22,73.3,0.07942,0.05499,0.1949,19.68,thanks for watching guys!,4,0
clip_0971,Calm,0.8482,Calm,0.65,Calm,0.7689,False,110.71,119.22,25.44,0.08163,0.04888,0.1737,20.0,"second quicker than the staff in the staff in the slump sector 2. keep up. high management all good, 24 to go. in the staff in every sector another 4-10s up sector 2. keep up. 1-1-1-1. still 2-10s to lap quicker. h lkenberg behind still needs to box. everyone in front, we expect going to the end.",51,0
clip_0769,Calm,0.9137,High Stress,0.7,Calm,0.5482,False,98.04,188.71,23.87,0.06766,0.04266,0.1737,20.0,"yeah, copy unico. if we get overtaken we would box. how is the balance for unico? what would you like to do on flap for the next 10?",27,0
clip_0409,Calm,0.6844,Calm,0.65,Calm,0.6706,False,105.21,124.57,25.49,0.08286,0.04762,0.1907,20.0,"halkenberg your lip-laden on the 2 in front of him and then it's 7 seconds ahead of those 2 cars. you have 10 seconds behind to portoletto on a slow lap, 1st car on a time at jabba over 25 seconds away so no pressure. you've got 4 seconds ahead of the lip-laden.",44,0
clip_1016,Calm,0.5267,High Stress,0.7,Frustrated,0.316,False,112.35,154.59,33.57,0.07658,0.06413,0.1582,20.0,"worry or come back. it's honest. i have no words. okay, so that happened because you lifted and then went back on power for 10 14. so we need to avoid that to stop spending energy. you know, i'm fighting. no, you're fighting. yes, mate. you just got to keep this consistent as you can. the three cars in front of all got to box anyway.",64,1
clip_0822,High Stress,0.4881,Calm,0.65,High Stress,0.2928,False,107.82,139.96,26.54,0.08731,0.04856,0.1828,20.0,"this little troll is the cocky one. yeah, back is clear, russell is moving. and it's 170 kph, he's going very slow though. hello? yeah, 275 and a strip. do you copy? radio check. really? yeah, russell is moving. russell is moving. this radio is cutting off.",45,2
clip_0939,Calm,0.9294,Calm,0.65,Calm,0.8177,False,99.11,131.73,34.96,0.08116,0.0581,0.1686,20.0,"just saying just negative on the delta please and the russell p2 just okay, well done so boxing now please into the parking lot. i got the smaller i spoke for this so yes",33,0
clip_0612,Calm,0.9321,High Stress,0.7,High Stress,0.5592,False,133.67,169.41,40.94,0.09059,0.04208,0.1885,20.0,"3.7 and 4 laps to go when you cross the line 3.8 the gap behind take care about your tires this gap behind is 4 seconds, 4 seconds, easy on braking in turn 6",28,2
clip_0470,Calm,0.6996,Calm,0.65,Calm,0.6798,False,111.99,139.91,34.59,0.0847,0.05284,0.1833,20.0,"better final corner now. the loss was the snap is 12. george 35.5, 35.5. crosses across the lap. george also 35.5, gap at 6.8.",19,0
clip_0897,Calm,0.9155,High Stress,0.7,Calm,0.5493,False,128.61,162.69,45.97,0.0818,0.05735,0.1776,20.0,"how was balance generally? we understand ice speed but the rest was better stored in with traction out of 13 yeah understood mate, that'll be the change we made okay mate so have a think about flat for the next tire",40,0
clip_0236,Calm,0.5442,Calm,0.65,Calm,0.5865,False,104.28,85.73,20.22,0.08135,0.04625,0.1987,20.0,"8, yastry 8, same wind and track, track clear behind, yastry 7 ahead, will be mode push exit turn 14 from target zero, mode charge, track is clear, so it will be",28,0
clip_0661,Calm,0.923,High Stress,0.7,Calm,0.5538,False,128.11,166.33,42.35,0.08634,0.05016,0.1605,20.0,"double yellow in turn 2. some full throttle where you can for temperatures. for information, the other car had draining on the heart, so we still need to protect the front left. okay, copy. and heart weaving where you can. so it was a big, heavy, roughest room.",47,0
clip_0716,Calm,0.9063,High Stress,0.7,Calm,0.5438,False,105.19,425.63,94.47,0.08457,0.05311,0.1363,11.744,"at four seconds, let him through before 14. okay, and box max, box, on the box, switch on.",17,0
clip_1345,Frustrated,0.4391,Frustrated,0.6,Frustrated,0.5035,False,359.76,2027.22,610.95,0.04344,0.04086,0.1953,35.0,"yeah, i come back to you and you're doing a job with tires, keep doing that. you're not laughing when you say seven same second sector.",26,1
clip_1223,High Stress,0.65,High Stress,0.7,High Stress,0.67,False,127.1,678.87,116.4,0.07687,0.05362,0.1576,35.0,"i can't do that, i would have crushed it to leave. understood? go, go in your blouse. let's do it again. i can't see where it is, it's there, hold on. understood, the truck leave it for everyone and the car behind you included. we didn't leave the space, i could have easily get to the puncture.",57,2
clip_0681,Calm,0.9042,High Stress,0.75,Calm,0.5425,False,245.81,1979.79,343.55,0.05918,0.04351,0.1693,20.0,"brakes, recharge off to 4 turn 14, and application exit to 4 turn 14. charge on. very nice of that armadillo. very good feedbacks. very nice of that armadillo, just keep driving around.",29,0
clip_0022,High Stress,0.4137,Calm,0.65,Frustrated,0.26,False,102.1,135.86,30.63,0.08629,0.05011,0.197,20.0,"i'm on a squawk, not a steering dash. 17. yeah, but full top on the straight, but the box has pushed me into the wall. why are we so early as well? box has a turning wheelie.",36,1
clip_0116,High Stress,0.5117,High Stress,0.7,High Stress,0.307,False,124.22,159.74,33.92,0.08968,0.04398,0.1343,20.0,4 cars to open lk7 head 3 cars to open wind speed 10.4 3 cars to open 4 cars to open 5 lk2 open lk3,16,2
clip_1183,Calm,0.7836,Calm,0.65,Calm,0.7301,False,107.06,78.52,11.7,0.08058,0.05701,0.2161,20.0,"so cold pinto head on new medium gap to checker 0.6. still two cars haven't boxed yet, finbled and hockenberg. so behind the checker is oakon who does have damage. so they will be battling. it's two seconds back. so oakon the car behind one second back, checker is 1.5.",48,0
clip_1153,Calm,0.7155,Calm,0.65,Calm,0.6893,False,104.8,55.83,13.85,0.0483,0.06267,0.1531,4.288,"portoletto, lindblad, ocon, holopinto, and holperberg.",6,0
clip_1000,Calm,0.7964,High Stress,0.7,High Stress,0.4778,False,154.51,342.0,111.47,0.07336,0.06783,0.1478,20.0,"turns on the racetrack. safety car, safety car. safety car window is closed. all in the top four. so they just had to. we've seen the medium tyres going away. it's lap 11, so",33,2
clip_1156,Calm,0.888,Calm,0.65,Calm,0.7928,False,91.66,7.86,2.46,0.06282,0.04778,0.1865,2.592,come back around with the stuff still here on the left hand side.,13,0
clip_0458,Calm,0.8143,Calm,0.65,Calm,0.7486,False,117.68,141.1,35.15,0.08648,0.05,0.1984,20.0,"you have four scopes, push turns seven. we have about 1.3 behind. lewis at 37.1. we have about 1.4 behind. last lap over the threshold, turn one. we can find lap time elsewhere. got more. happy return, seven. we have about 1.5.",38,0
clip_0070,Calm,0.8419,High Stress,0.7,Calm,0.5052,False,135.22,1932.32,214.54,0.08546,0.05167,0.1527,20.0,"that's currently p12, 10 negatives. the wind is a bit more gusty now, information, wind more gusty on that top. the wind is a bit more gusty now, 10 negatives. that's now p12 on the guide. watch what we're doing.",36,0
clip_0087,Calm,0.9061,Calm,0.65,Calm,0.8037,False,128.51,100.29,22.25,0.04418,0.04602,0.169,9.408,let's go. now we have to turn q of 1.32 please. so we have 2.32 more product coming.,16,0
clip_1001,High Stress,0.796,High Stress,0.75,High Stress,0.4776,False,205.71,599.86,163.93,0.08216,0.05678,0.1614,19.968,"could well be a two stop. but i was with the safety code for this only thing you just watch the delta please make sure the delta just positive. very frustrating. right. let's just focus on ourselves here, buddy. antonelli back out in front. colopinto ocon.",46,2
clip_0820,Frustrated,0.4909,Calm,0.65,Frustrated,0.2946,False,103.47,122.82,30.67,0.06007,0.0372,0.1986,20.0,"let's go! pressure out, exit. something's happened. russell in four. east car has stopped, car has stopped. yellow turned three. russell has stopped on the out-flap. he's just ahead of you. turn three. who made that back? russell just there. michael red.",41,1
clip_0161,Calm,0.7754,High Stress,0.7,High Stress,0.4652,False,114.25,204.3,50.5,0.08556,0.05153,0.1597,20.0,i'm not sure what the target is i'm not sure what the target is i'm not sure what the target is i'm not sure what the target is i'm not sure what the target is i'm not sure what the target is i'm not sure what the target is,49,2
clip_0881,Calm,0.8757,High Stress,0.7,Calm,0.5254,False,142.17,460.88,118.2,0.07842,0.05534,0.1971,19.872,thanks for watching guys!,4,0
clip_1220,Frustrated,0.827,High Stress,0.7,Frustrated,0.4962,False,495.45,314.21,103.89,0.09163,0.03954,0.1464,7.872,"i need a fucking rifle, no fucking rifle! no fucking rifle! what the fuck is it for life? fuck it, al! fuck it, al!",24,1
clip_0558,High Stress,0.415,High Stress,0.7,High Stress,0.28,False,122.72,240.47,44.18,0.09079,0.04161,0.185,20.0,"target at a time 33 to cousin for to view our old on scope so to mercedes and us delta speed the car has no working understood, yeah confirm gap to charlize 4",31,2
clip_0347,Calm,0.9649,Calm,0.65,Calm,0.8389,False,176.63,69.26,22.18,0.08403,0.05321,0.2363,2.976,so we've got 10 seconds to green light. turn the top right.,11,0
clip_0888,Calm,0.8676,Frustrated,0.6,Calm,0.5206,False,257.72,1917.03,480.16,0.04195,0.04322,0.1688,12.672,"so the plan from here out one time and in, this is a used soft tire that's done a one time blap, the mesquite 3. gonna bring the car back in the garage unless it's really delayed. come back in, do fast, double cool fast on it.",47,0
clip_0002,Calm,0.9339,Calm,0.65,Calm,0.8203,False,111.0,8.38,3.24,0.07684,0.05895,0.2297,2.016,just let me know about.,5,0
clip_0481,Calm,0.6119,High Stress,0.7,Calm,0.3672,False,117.74,152.57,47.82,0.08576,0.04028,0.1725,20.0,"strap 13 please, strap 13. just enjoy the synth that mate. just a little bit more load please mate, not too much, just a little bit more load. thank you everyone, thank you so much.",33,0
clip_0090,Calm,0.8053,Calm,0.65,Calm,0.7432,False,117.75,22.72,7.38,0.05596,0.06805,0.134,2.176,"second, powered up one minute.",5,0
clip_0580,Calm,0.8653,Calm,0.65,Calm,0.7792,False,130.55,147.81,42.61,0.09117,0.04057,0.1826,20.0,"turn 7 was good, keep it as reference, shall let's overtake behind you. ready, pressing. let's start. a bit more saving, in turn 8, turn 7 was fine. and switch position already.",29,0
clip_0530,Calm,0.529,High Stress,0.7,Frustrated,0.3174,False,134.67,310.68,57.66,0.0894,0.04428,0.1451,20.0,"in all the virtual dash, he's ignored the virtual mirror, it's completely wrong. and lando, we're having to box this lap, we're having to box. the clerk is behind you, he should be slow. there's still no one behind to worry about. the clerk's on a slow lap about 8 seconds back.",51,1
clip_0837,Calm,0.7498,Calm,0.65,Calm,0.7099,False,110.7,73.18,20.52,0.07785,0.06241,0.1658,7.264,"just for info, when i first got in the car, the pillar metalled someone. back in the garage. so when i first drove out, the pillar metalled someone.",28,0
clip_0094,Calm,0.3981,High Stress,0.7,High Stress,0.28,False,112.09,196.21,33.55,0.086,0.05035,0.1656,20.0,"one, two, three, four, six, five, six, six, five, six, six, five, six, seven, eight, nine, ten, ten, ten, ten, ten, ten, ten, ten, ten, ten, ten, ten, ten, ten, ten, ten, ten, ten, ten, ten, ten, ten, ten, ten, ten, ten, ten, ten, ten, ten, ten, ten, ten, ten, ten, ten, ten, ten, ten, ten, ten, ten, ten, ten, ten, ten, ten, ten, ten, ten, ten, ten, ten, ten, ten, ten, ten, ten, ten, ten, ten, ten, ten, ten, ten, ten, ten, ten, ten, ten, ten, ten, ten, ten, ten, ten, ten, ten, ten, ten, ten, ten, ten, ten, ten, ten, ten, ten, ten, ten, ten, ten, ten, ten, ten, ten",112,2
clip_1316,Calm,0.8989,Calm,0.65,Calm,0.7993,False,120.06,39.17,6.84,0.0748,0.06496,0.1915,4.416,"yeah, it's a shunt exit turn three, mate. grosjean shunted exit turn three.",13,0
clip_0506,Calm,0.7921,High Stress,0.75,Calm,0.4753,False,205.52,1931.55,378.93,0.08573,0.0512,0.1914,20.0,"we had jar full behind on a push and then leclerc 12. had jar 2. jar 1. next leclerc 6. on the next push lap, i need 20 meters more lift and coast. 20 meters more lift and coast turned 6.",34,0
clip_1003,Calm,0.5245,High Stress,0.7,Frustrated,0.3147,False,152.11,295.38,80.18,0.05679,0.05011,0.1889,19.936,i'm going to let him i'm going to let him live.,11,1
clip_0212,Calm,0.3466,Calm,0.65,Calm,0.468,False,108.78,146.15,30.5,0.07926,0.04477,0.1534,20.0,"i'll show you the you have to go go from 9, from 8 that would be your last lap you won't have to push until the whole turn is over that would make me wanna go in the lap",38,0
clip_1114,Calm,0.8129,Calm,0.65,Calm,0.7477,False,117.33,108.3,30.38,0.08876,0.04564,0.2425,20.0,to this. so we think the problem is being solved. still 9 laps to go after this. p-ball 3. 9 laps to go. and it's 8 laps to go. blue 3. 9 laps to go.,28,0
clip_1037,Calm,0.4888,High Stress,0.7,High Stress,0.2933,False,124.67,181.54,37.64,0.08348,0.05486,0.1629,20.0,"you made me achieve one of my dreams. thank you. no, well done mate. yeah, i've got this one ticked off. the few more to do as well. he's too young. we shouldn't put him in a mercedes. put him in a smaller team. you need the experience. look at the mistakes he make. here we go, kimi. victory. thanks otto. and congratulations to the club of the mercedes.",69,2
clip_0256,Calm,0.5018,Calm,0.65,Frustrated,0.5611,False,123.88,140.58,36.82,0.08899,0.04205,0.1924,20.0,"both cross cars both sliding overall and the cross cars tire phase, update when you can pantonelli 372 you have overtake? it's more difficult for overtake today actually",27,1
clip_0352,Calm,0.8744,Calm,0.65,Calm,0.7846,False,113.37,149.57,38.47,0.08307,0.05144,0.1762,20.0,"any chance we start here or will you? i will, yeah. ok moving again. all clear behind. got 17 ahead. so target plus 10. i cannot tip the ears. stuck in fast.",31,0
clip_1237,Frustrated,0.65,High Stress,0.75,Frustrated,0.39,False,256.89,1991.64,305.62,0.08324,0.05534,0.1677,35.0,"was done, they crossed paths again. and even though alonso started off calm, he ended up exposing him in front of everyone. one who never wasted the time explaining why he was sending each little gift juan pablo montoya. if he had something to say, he said he's straight. you gotta either be blind or stupid, they're not to me, but it's racing. reichen learned the hard way in spa 2002 when he didn't even have time to get out of montoya's way in qualifying.",85,1
clip_0604,Calm,0.9217,Calm,0.65,Calm,0.813,False,116.9,130.89,35.34,0.07826,0.0407,0.1983,20.0,i love understeer. i'm just doing it. inshallah there's no vertical. no collapse. 15 laps to go when you cross the line. no overtake for shark. no overtake for shark. keep it up.,32,0
clip_1326,Calm,0.9545,Calm,0.65,Calm,0.8327,False,139.2,47.32,10.65,0.04784,0.04444,0.2378,4.096,"remember, we are used to this red flag procedure now. leave five meters.",13,0
clip_1098,Calm,0.8643,High Stress,0.7,High Stress,0.5186,False,137.88,156.99,34.86,0.08527,0.05204,0.2411,20.0,"repeat! p09, position 6 and blue button off so gap to bottas is 1.6, bottas is running 140.8 and fighting ocon on exit 26 laps to go fighting ocon",24,2
clip_0058,Calm,0.9368,High Stress,0.7,High Stress,0.5621,False,142.82,199.65,52.96,0.08747,0.04815,0.1606,20.0,"gasp going, and the other side toggle, good to go. okay, we just need to fill up with the materials. on the line, slow button, higher pm, a-view stop was full higher pm, and that was the bad case issue. careful not to go into the rev limiter, always don't keep it. higher pm, but not to the rev limiter.",59,2
clip_0143,Calm,0.7617,Calm,0.65,Calm,0.717,False,106.1,95.64,21.73,0.08562,0.0511,0.1755,20.0,"16th, german, you can back off, arm, start the steering, 5th, german, you can start the steering you want to go, s-manage, turn 8, 4, lighting, german, 4, 4th of you, with overtaking german, you can back off, arm, head down",34,0
clip_0190,Calm,0.6797,Calm,0.65,Calm,0.6678,False,105.06,92.95,21.52,0.08849,0.04628,0.1564,20.0,"we are racing in the cockpit camp w728, w729 for wear or top in the converga the slow stop we are racing in the colabito cockpit camp love time, colabito, turn our car",31,0
clip_1150,Calm,0.7582,Calm,0.65,Calm,0.7149,False,107.13,71.27,16.17,0.081,0.05787,0.1835,3.68,reminders once the engine is fired up. won't go pit lane speed limit are on.,15,0
clip_1181,Calm,0.6556,Calm,0.65,Calm,0.6533,False,97.2,81.43,16.75,0.07779,0.05001,0.2326,20.0,so gap to checker 1.6 car ahead is lindblad. so lindblad last lap 39.8. checker last lap 40.3. lindblad 38.6. ok so ocon now the car behind 1.9.,23,0
clip_0775,Calm,0.9222,High Stress,0.7,Calm,0.5533,False,99.47,185.62,37.26,0.08295,0.05553,0.1855,20.0,"blue flags, the next one is russell, four and a half seconds behind. and first happen is slow in front, first happen slow in front, he will retire the car. he should be able to make it into the pit lane. he's in turn 14 now. currently p 11, p 11, car in front, colipinto, 13 seconds.",53,0
clip_0072,Calm,0.9352,High Stress,0.7,Calm,0.5611,False,133.18,183.02,51.27,0.08849,0.04639,0.1569,18.944,"i say to a tiny step, the tiniest one you can. box, box, box. watch your bridge right. ok, i've hit the shimmer button 14, that was a very good lap. and we have a look at 10.6, the only place we are losing compared to lille.",45,0
clip_0162,Calm,0.9036,High Stress,0.7,Calm,0.5422,False,103.71,151.89,24.39,0.08627,0.05028,0.1695,20.0,"i'm going to go to the next level. chop, you can go to the next level. you do not have to go to the one house. i'm going to head of you, to set the tires. i'm going to head you to the other house.",45,0
clip_0405,Calm,0.7874,Calm,0.65,Calm,0.7324,False,109.97,118.15,38.32,0.08153,0.04279,0.1597,20.0,"yeah, good results. good results, good event, lowers, up the information, whatever. yeah. copy that. so we just need some load for eu temp. compliment grid. hey, there. hot to the grid.",32,0
clip_1119,Calm,0.5908,Calm,0.65,Calm,0.6145,False,107.66,132.45,27.28,0.07281,0.04651,0.2521,20.0,1.8 is got damage and is low on the straight line. four laps to go. we have overtake. i don't know if i'm good. red is latched. blue button is latched. potters.,31,0
clip_0555,Calm,0.9315,High Stress,0.7,High Stress,0.5589,False,116.05,180.27,42.73,0.09199,0.03885,0.1782,20.0,"antonelli 3, antonelli 3, i recommend 60 bmg3, antonelli 2, cw5, cw2, nw5, nw5, nw5, nw5, nw5, nw5, nw5, nw5, nw5, nw5, nw5, nw5, nw5, nw5, nw5, nw5, nw5, nw5, nw5, nw5, nw5, nw5, nw5, nw5, nw5, nw5, nw5, nw5, nw5, nw5, nw5, nw5, nw5, nw5, nw5, nw5, nw5, nw5, nw5, nw5, nw5, nw5, nw5, nw5, nw5, nw5, nw5, nw5,",5,2
clip_0327,Calm,0.8657,Calm,0.65,Calm,0.7794,False,101.62,118.53,35.15,0.08054,0.0497,0.1782,20.0,so that is safe so sites at 5 4 3 just be honest with the traffic here 2 seconds after sites so he got 5 to valtteri after that 4 struct 13,25,0
clip_0170,Calm,0.6659,Calm,0.65,Calm,0.6596,False,108.6,124.92,27.66,0.08692,0.04917,0.1711,20.0,"that's other 150 and also 1206 of height, 36 to go, good. that's other 1202, you lost over there. yeah, i need to say goodbye to hajiar, i can't",25,0
clip_0556,Calm,0.8388,High Stress,0.7,Calm,0.5033,False,138.18,215.0,45.85,0.09028,0.04257,0.1879,20.0,"the escal behind is r6 p3, sharp push behind, sharp push behind two tenths from r1, one tenth first sector, one tenth last sector and we think we are ok on our side",30,0
clip_1353,Calm,0.8359,Calm,0.65,Calm,0.7615,False,188.06,1283.92,211.86,0.03326,0.0302,0.1798,28.352,"i'm all of you! daddy chill. round two. a box. box. we prefer to box and check it carefully. it's down, 15, okay. okay then. box. okay then. box. it didn't start. it's fine. i don't",35,0
clip_1148,Calm,0.8757,Calm,0.65,Calm,0.7854,False,86.42,51.81,15.98,0.08551,0.05152,0.213,9.664,thanks for watching guys!,4,0
clip_1035,High Stress,0.423,High Stress,0.75,High Stress,0.5538,False,209.01,741.56,126.87,0.08268,0.0561,0.1566,19.904,"so can we just be careful on the kerbs now a little bit of vibration on that tire? yeah, it's fucking fast. so close to lighting it up around the hairpin. here comes the history boy, the second youngest driver to win a formula one grand prix.",47,2
clip_0722,Calm,0.6503,Calm,0.65,Calm,0.6502,False,104.52,48.41,12.68,0.05329,0.05594,0.1062,2.368,radio check? yeah radio is good niko,7,0
clip_0443,Calm,0.7431,Calm,0.65,Calm,0.7058,False,114.27,138.68,26.66,0.08631,0.05033,0.1966,20.0,"cap at 1.4 behind. last lap at, or this lap, turn 1. tire sliding at the threshold. 10.7.8 good. cap at 1.4. cap at 1.6. cap at 3 behind. leclerc showing level 2. level 2.",27,0
clip_1110,Calm,0.6351,Calm,0.65,Calm,0.6411,False,134.55,126.43,34.56,0.08109,0.05428,0.2144,20.0,"so both you and bottas now have overtake 1.2, 1.2 yeah, we see that we see that yeah, what's going on?",19,0
clip_0075,Calm,0.9415,High Stress,0.7,Calm,0.5649,False,176.6,173.2,49.09,0.07806,0.06176,0.1558,3.552,"and loop it on off, charge on, multi v1, position 13.",9,0
clip_1102,High Stress,0.65,High Stress,0.7,High Stress,0.39,False,177.58,891.54,175.83,0.09002,0.04333,0.2228,20.0,"double yellow, truck clear, up to bot as 2.5 i pressed blue button earlier for corner 14 ocon car behind has got damage and alonso has retired middle of corner 2 there are debris from ocon",33,2
clip_1279,Frustrated,0.65,High Stress,0.7,Frustrated,0.39,False,143.31,197.73,53.45,0.05003,0.03853,0.2317,35.0,"vibrations max and we'll call you in it before you start to get a little bit too concerned. what a joke mate, i can't even see where i'm going so much vibration. understood max, if it's safety concern for you we're happy to box. i'll just visit the dentist after the weekend. it's impossible to drive mate. why is daniel sloppy? i don't know, carry on. come on mate, you need to pick it up otherwise we're not going to get another lap. let's go. there's no point in me running. get on with it. get on with it. let's at least go one for one. gp what's going on?",110,1
clip_0830,Calm,0.6843,Calm,0.65,Calm,0.6706,False,95.1,70.06,16.81,0.08689,0.04933,0.1792,20.0,"60 kph in turn 14, mode in, mode in, check the flag, p7 currently p7 ollie, updated, good job. yeah, that was a good lap. ok, so p9 in the end.",26,0
clip_1013,Calm,0.3148,High Stress,0.7,High Stress,0.28,False,108.93,204.3,44.95,0.0639,0.07681,0.1671,20.0,"yeah, that wasn't fair. one meal of the roof. i'm sorry, that wasn't fair. copy that mate, we've reported him. now mate, let's focus. you've got this.",27,2
clip_0450,Calm,0.8783,Calm,0.65,Calm,0.787,False,90.57,63.9,16.25,0.0829,0.04862,0.2025,20.0,"higher lateral abrasion on the front left compared to george. so 10 car lengths. let me just look, the construction of both cars is just staying on top of the manager turn 1, 2, 7 and 8. just got a lockstint on this tire, need to look after it. so that car's just been",49,0
clip_0385,Calm,0.8712,High Stress,0.7,Calm,0.5227,False,97.16,166.33,29.31,0.08819,0.04684,0.1703,20.0,"less lateral abrasion than kimmy i need the one slope to be challenging yeah, if both cars need to increase management turn 1 and 7 there's gonna be a lot of stint",31,0
clip_1318,Calm,0.709,Calm,0.65,Calm,0.6854,False,133.98,35.93,11.45,0.04351,0.04099,0.217,3.968,"red flag, red flag, respect the delta, respect the delta.",10,0
clip_1238,Frustrated,0.4087,High Stress,0.75,High Stress,0.3,False,275.55,1053.51,262.46,0.07588,0.0491,0.1697,35.0,"another guy who absolutely never keeps his mouth shut is alonso. and i'm not talking about when a rookie or some random driver annoys him. no, no, no. alonso goes for everyone. even sir lewis hamilton himself. at spa 2022 after they touched on lap 1, fernando dropped one of the most disrespectful lines you can possibly say to another driver.",59,2
clip_0833,Calm,0.8801,High Stress,0.7,Calm,0.528,False,113.26,173.78,37.54,0.08059,0.04763,0.1871,20.0,"so we should get off and get on tomorrow. box box. antonelli p1, russell p2, then hammer from the 3rd, gaspery norris, gasly, mstappen and hajar. we got to the ferry. flurred at 32.4, he did a 33.2 so he had 10th.",36,0
clip_0106,Calm,0.7993,Calm,0.65,Calm,0.7396,False,122.18,147.86,34.3,0.08685,0.04927,0.1473,20.0,"focus on your front tire, weaving into 11, russell pushing 4, russell 4, good weaving into 11, russell 3 it did 13 boosts the element on off, so weaving russell 3, 2, 1, with you",26,0
clip_0305,Calm,0.7122,High Stress,0.7,Frustrated,0.4273,False,131.47,434.22,89.2,0.08785,0.04753,0.1687,20.0,way too much throttle at the end. that was strange. copy that. if you have some full throttle here please. full throttle if you can. if not exit 13 is awesome. check the flag. check the flag.,36,1
clip_0991,Calm,0.7436,High Stress,0.7,High Stress,0.4461,False,103.29,242.79,56.6,0.05549,0.04936,0.1532,20.0,"it's hamilton, antonelli, leclerc and russell the top four.",9,2
clip_0309,Calm,0.9642,High Stress,0.7,Calm,0.5785,False,107.72,205.45,53.4,0.08777,0.04765,0.1872,20.0,"so, this is a sensitive bonus of motivation for everyone to dig deep now that this is at that time. that's this interview. strat 13. strat 13.",25,0
clip_0571,Calm,0.9322,Calm,0.65,Calm,0.8193,False,120.89,138.68,36.65,0.08891,0.04559,0.1649,20.0,"no, it's 5, 3d110. p3. now russell is pushing. at the moment we are p2. and we are p3. russell p2, antonelli p1, is 210s, 110s.",17,0
clip_0499,Calm,0.589,Calm,0.65,Calm,0.6134,False,117.84,129.46,36.12,0.08871,0.04585,0.1743,20.0,"weaving out of 14, go one, gap ahead is all good. remember, go one, charge off, charge off. run switch cool, pedestrian three behind starting to push. watch for pedestrian three, pedestrian three two, pedestrian three one. after pedestrian three, try and make up some.",44,0
clip_0678,Calm,0.4817,High Stress,0.7,Calm,0.289,False,184.47,419.99,98.59,0.08095,0.05619,0.1679,20.0,"thanks alan, honestly everyone did a great job. that's pretty cool for the speed we had, that's very very good. copy that.",22,0
clip_0877,Calm,0.8822,High Stress,0.7,High Stress,0.5293,False,122.68,186.93,58.06,0.087,0.04566,0.178,20.0,"it's mother's day today. happy mother's day, mum. and also to all of the mums out there. thank you for what you do. okay, so antoneli won. russell, you too. then hamilton, then you. and behind you you have gav.",40,2
clip_1097,Calm,0.9307,Calm,0.65,Calm,0.8184,False,136.57,147.65,38.53,0.07526,0.04758,0.2328,20.0,are you okay with the end ending? we are looking into it. the biggest losses are exit 3 and exit 12. yellow corner 14 is linkblot. track displayer. view 9 position 6.,27,0
clip_0180,Calm,0.9672,Calm,0.65,Calm,0.8403,False,95.95,95.64,18.06,0.08357,0.05469,0.1619,20.0,"copy that, we'll stay to 4 and we need to watch the p-recton 1 and 4th, p-recton 1 and 2 copy that, and the curves, the bends are good, but p-rect 1 and 4th are critical copy",27,0
clip_1195,Calm,0.9324,Calm,0.65,Calm,0.8195,False,97.43,59.34,12.36,0.07783,0.06264,0.2347,20.0,second gap to bearman he's lapping in the 36 eighths so if he does catch us it would be on the last lap we've got four laps remaining okay that would be two laps remaining gap to bearman is 6.1 that's right so this is the final,45,0
clip_0933,Calm,0.6638,Calm,0.65,Calm,0.6583,False,110.32,1.27,0.55,0.0811,0.04621,0.1842,4.672,and stop in front of the garage. ok.,8,0
clip_1245,Frustrated,0.5962,High Stress,0.75,Frustrated,0.3577,False,287.77,1658.43,304.39,0.06856,0.0521,0.1845,35.0,"but honestly, compared to what people were saying about him while he was in f1, that was actually pretty mild, because literally the entire group complained about him all the time. mazepin even managed to completely snap giovanni. even the one and only, go tee-fee. perez. leclerc. and even strulovic. and yep, when go tee-fee and stroll are insulting you.",57,1
clip_0565,Calm,0.8387,High Stress,0.7,Calm,0.5032,False,118.78,181.54,34.73,0.08527,0.05199,0.1938,20.0,"shift in 3 and lower gear in 6 and cool the car in p10 please cool the car 4 5 6 7 8 10 temperature over 5, temperature over 5. i have to do a little bit of photo view",29,0
clip_1285,Calm,0.9334,Calm,0.65,Calm,0.8201,False,115.79,43.01,11.3,0.0663,0.05017,0.2149,4.736,but you tell me what you want to do at q3 and we'll do it. let me know. set fuel from plan.,21,0
clip_1086,Calm,0.8022,High Stress,0.75,High Stress,0.4813,False,285.41,1723.8,484.56,0.08788,0.04741,0.2444,20.0,"you have overtake. so just mid four for mid corner, understand? up to bottas is 0.9, you will still get overtake if you stay there. and you have overtake to bottas and alonso has lost history. we power over this one? yes we have, yes we have.",46,2
clip_0224,High Stress,0.5178,High Stress,0.7,High Stress,0.3107,False,124.21,203.92,43.92,0.07096,0.045,0.1827,20.0,"we are at a mistake 3595 use medium now we are coming in for a new set, flap update verstappen is on a new medium, you said? new medium are you sure you want to put a new set? yes, chan",40,2
clip_0073,Calm,0.9178,Calm,0.65,Calm,0.8107,False,149.46,144.79,43.34,0.07157,0.0587,0.226,13.344,"i'll be able to show the main loss is 26 against liam, we lose 1-10 in there. i still see some instability mid-corner. what do you think of using push toggle there?",29,0
clip_0454,Calm,0.511,Calm,0.65,Calm,0.5666,False,108.01,131.73,31.65,0.08149,0.05743,0.1916,20.0,"now 1.2 behind, lewis comes to p3. i can't wait to 1.2 behind lewis, 1.6. now lewis is coming behind at 1.2. with a 1.1. lewis has overtaken me from the previous car.",27,0
clip_0505,Calm,0.8964,Calm,0.65,Calm,0.7978,False,109.44,125.01,27.89,0.08622,0.05025,0.1644,20.0,don't use any energy on this out lap. don't use any energy. hadjar six behind. hadjar six behind. just build up the tire temp with good pushing and we'll do weaving on the back straight. traffic is ok. hadjar four behind on a push and then the clerk 10.,47,0
clip_0039,Calm,0.7326,High Stress,0.7,High Stress,0.4396,False,187.57,498.03,118.11,0.08962,0.04415,0.1411,20.0,"we have to push. copy. hold 6 pushing, charge on. charge on now. we go for push, pull, push. hold 3 pushing. hold 3 pushing. then you will come back out left. hold 2, hold 3 pushing.",32,2
clip_0745,Calm,0.6427,Calm,0.65,Calm,0.6456,False,111.71,80.04,15.98,0.05592,0.06053,0.1591,5.952,"yeah, it's just more closed than under the absolute grid. that's all. did somebody set intentional?",16,0
clip_1073,Calm,0.8351,Calm,0.65,Calm,0.7611,False,138.16,131.43,26.9,0.08915,0.04501,0.238,20.0,"418, fortas 40.9 and fernando 40.4 gap 2 lans is 3 seconds, to fortas 5 seconds and alonso 6 and suggest blue button for corner 14, gap 2 lans is 3.1 fernando was lapping 41.8",24,0
clip_1033,High Stress,0.6876,High Stress,0.7,High Stress,0.4125,False,112.09,200.79,50.93,0.07054,0.07072,0.179,20.0,"please let's retire the car please retire the car anything that i need to press no, i need to go somewhere to vector the pits. let's probably back home",29,2
clip_0777,Calm,0.9478,Calm,0.65,Calm,0.8287,False,92.41,47.67,7.32,0.08772,0.04781,0.2122,20.0,"the overtake range 16. good job. consider engine braking plus two. consider entry minus one and high speed 10. 5 laps remaining. 5 laps. 10, 3 minus 1. 10, 3 minus 1. consider eb plus two. and two laps remaining. far behind the lens blade.",35,0
clip_1255,Frustrated,0.757,High Stress,0.7,Frustrated,0.4542,False,172.32,518.54,69.36,0.08421,0.04053,0.1654,29.568,"tried to be all sneaky about it. of course, the fia investigated, confirmed ferrari had broken the rules and slapped them with a 100,000 fine. and because f1 logic is undefeated, by the end of the season the fia went, eh whatever, and made team order's legal again for 2011. that's the fia for you, one minute is all good, the next is chaos, always switching things up. you know what never changes? the pure chaos, i mean entertainment in my videos. if you liked this one, go check out this other gem. and as always, thank you for watching.",97,1
clip_0120,Calm,0.8229,Calm,0.65,Calm,0.7537,False,102.88,86.28,17.91,0.07484,0.04823,0.1458,20.0,"slow it, slow it yeah, it was a good lap, good improvement strong throughout all the way fitpalzan especially in the last section of the lap in turn 6 as slow as you can please closer to the left, get minus 1 on your tarmac please it was a good lap",49,0
clip_0945,Calm,0.9378,Calm,0.65,Calm,0.8227,False,110.68,106.75,18.53,0.06275,0.04207,0.1668,20.0,"out button now please. not the blue lights. pre-start red. overtake enabled. car behind franco. good job. time out and it looks good. great job so far. car behind three seconds. third product will not work this evening. ok, let's settle in for now. good job. some ports, hawk delivery.",49,0
clip_0823,Calm,0.8765,Calm,0.65,Calm,0.7859,False,95.51,54.09,10.26,0.08906,0.0453,0.1704,20.0,"russell is moving, practice green, 60 kph here, practice green, russell is moving on mode q. mode in, mode in, hot shop, look, a lap behind, six behind, good on time. radio check, radio check, hot shop.",35,0
clip_0095,Calm,0.9445,Calm,0.65,Calm,0.8267,False,93.9,79.74,18.65,0.07932,0.05526,0.1675,20.0,"moving. 13,000, we need to cut the signal. and about a half second push. on, off. i'll wait for 11,000, 36. alex, far ahead. you're going to have to kill. you have to push.",31,0
clip_1039,Calm,0.5339,High Stress,0.7,High Stress,0.3204,False,126.96,171.75,34.54,0.07727,0.06327,0.145,20.0,"kled as smart as we wanted. thank you. fantastic job. fantastic job guys. really well done. really cool for the hard work. we gotta keep up. keep pushing. back at my ronello, we got work to do but i believe in you. let's keep pushing. close the ferrari. thank you.",51,2
clip_0197,Calm,0.8652,Calm,0.65,Calm,0.7791,False,106.31,98.46,22.74,0.08613,0.05052,0.1612,20.0,"you go to stages 3, turn 1, 2, 3, turn 1 and for the pitot, mostly turn 1, 2, and 7, 8 ok, let's push the truck 4, turn 1, 2, i have to move to stages 3, turn 1, 2, and the car will react yeah, we have nothing to lose, so let's just go for it",43,0
clip_0858,Calm,0.7939,Calm,0.65,Calm,0.7363,False,99.21,82.57,15.62,0.08654,0.04537,0.21,20.0,"okay ollie, we see a lot of rear locking end of brick and 14, suggest shape 2, shape 2 for the whole lap. go, steve! max is stable at 27 to go. 26 to go. good lap, ollie, you were 3 tenths quicker than max.",39,0
clip_0905,Calm,0.9536,Calm,0.65,Calm,0.8321,False,119.47,133.53,31.89,0.08827,0.04667,0.1528,20.0,"they're the only two that have improved. main gain is starved a lap with improvement for warm-up for franco. okay, mate, so here we go. so, parked ruffle exit 14, you're completely clear behind. track two. and then good to go. no lifts required this lap.",44,0
clip_0994,Calm,0.4079,High Stress,0.7,High Stress,0.28,False,130.96,340.85,71.55,0.05619,0.06999,0.1884,20.0,"have to move up to seventh. oh, sorry, that's this. that's contact in turn three. i'm gonna just check on it.",22,2
clip_0764,Calm,0.8035,Calm,0.65,Calm,0.7421,False,99.41,117.09,19.35,0.08089,0.0586,0.1953,20.0,and let's go mid-2 and entry minus 1 mid-2 entry minus 1 so when you can sock 7 sock 7 13 25 less to go 31 31 85 laps,18,0
clip_0723,Calm,0.9096,Calm,0.65,Calm,0.8058,False,99.14,44.01,9.12,0.08789,0.04705,0.1401,5.184,"and one minute, one t seconds until pit lane open. i'll ask you to fire up in about 15 seconds.",19,0
clip_0763,Frustrated,0.6523,Calm,0.65,Frustrated,0.3914,False,97.71,63.97,13.07,0.0866,0.04975,0.1997,20.0,"okay, we'll see if we can do something to help there. and nico, think about a little bit of lift and post and brake balance rearwards in turn 14. and our craning situation looks much better than the other guys on the same strategy. to do pump, to be the lead losing boost. fucking.",53,1
clip_0131,Calm,0.8164,Calm,0.65,Calm,0.7498,False,117.04,141.14,34.99,0.05214,0.06775,0.134,5.344,"copy ok carlos, i'm in less than 2 minutes and one minute will power up",14,0
clip_1168,Calm,0.8499,Calm,0.65,Calm,0.7699,False,91.43,81.43,16.02,0.07728,0.06089,0.2531,20.0,"safety car. okay, let's just stick to the delta. alright, let's try to stay close to zero on the delta. alright, that's where we're going to box this now. just our box blocks. okay, exit is clear.",37,0
clip_1094,Calm,0.5971,Calm,0.65,Calm,0.6183,False,119.21,115.56,27.98,0.08872,0.04591,0.2176,20.0,there very similar in pace very similar in pace both of us are managing you're doing a good job on tires it's just 1 more you're working break balance to you the motorcyle is 1.2 now 1.2,34,0
clip_0042,Calm,0.7089,High Stress,0.7,High Stress,0.4253,False,147.32,201.84,62.16,0.08546,0.05164,0.145,20.0,"it's charged on the line, higher rpm, perez pushing two behinds. what's the thought for perez pushing two behinds? higher rpm. perez now, cucumber two behinds. cucumber one, i think it's pulling down. you can give up some face front tires, higher rpm.",43,2
clip_1221,Frustrated,0.488,High Stress,0.75,Frustrated,0.3,False,253.01,665.32,197.64,0.0774,0.05462,0.1974,16.416,"i cannot believe it. plot engine! plot engine! i understand, roman. very sorry. but it's the same issue as we had in p3. i don't care. i don't care. it's too much. yeah, of course. of course. bon es-ci!",38,1
clip_1042,Calm,0.8961,Calm,0.65,Calm,0.7976,False,126.94,144.66,32.96,0.08019,0.05961,0.1874,19.904,"happy mother's day, mum. that also to all of the mums out there. thank you for what you do. okay, ollie. yeah, so antonely won. russell, p2, then hamilton, mclaren, then you. nice, first ferrari podium for hamilton. that's cool. when you gonna get there? podium. yep. okay, box, box. well, i'm trying, man.",54,0
clip_1234,Frustrated,0.5625,High Stress,0.75,High Stress,0.3375,False,210.43,1360.51,162.72,0.08908,0.04537,0.1622,35.0,"f1 drivers are trained to stay calm, right? well, not always. all the time you have to live in place. these are f1's most disrespectful radio moments. shall we clear? no! let's start with some lighter ones to warm up. you know when you'd try to be chill with someone? but somehow you only ever run into each other at the worst possible moments. yeah, that was leclerc and magnuson in 2018. that year those two seemed to run into each other on track all the time. and no, not exactly in the best possible way. their first run in happened in spain, when magnuson blocked leclerc and in",106,2
clip_0077,Calm,0.8991,Calm,0.65,Calm,0.7995,False,114.08,55.07,10.98,0.0584,0.05606,0.182,2.688,what's the step i need to q2 at the moment? to q3.,10,0
clip_0608,Calm,0.9461,Calm,0.65,Calm,0.8277,False,113.74,118.68,33.37,0.09047,0.04209,0.2004,20.0,can't left to go. face. perfect. face is good. watch for front lock in 6. air brake in lower peak in 6. gap 2.0.,21,0
clip_1282,Frustrated,0.7038,High Stress,0.75,Frustrated,0.4223,False,524.5,1640.25,634.85,0.07861,0.06123,0.2401,4.544,"yeah, i'm not even gonna say what the f happened.",11,1
clip_0221,Calm,0.844,Calm,0.65,Calm,0.7664,False,119.04,137.99,31.35,0.08491,0.05266,0.193,20.0,"then 1, 2, 3, 4, 5, 6. wind looks quite low. green, is that the case? come back to you. green 13, 1, 3 position 2 when you can. wind",20,0
clip_1233,Frustrated,0.7786,High Stress,0.75,Frustrated,0.4672,False,802.74,1836.51,576.79,0.07888,0.06088,0.2256,4.448,"how the f is that fucking blood, though? how is that possible?",12,1
clip_0779,Calm,0.749,Calm,0.65,Calm,0.7094,False,84.37,51.26,10.51,0.07784,0.04342,0.1839,20.0,"in pelopento p10 in front. and mode f-flap, mode f-flap. so antonelli won the race, then russell p2, hamilton, leclerc, three and four, then bearman p5, gazzly six, lawson seven, hatch r eight, and then sines and pelopento rounding out the points.",37,0
clip_0065,Calm,0.8912,High Stress,0.7,High Stress,0.5347,False,169.51,454.45,118.99,0.08834,0.04667,0.1307,20.0,"easy on power, you have hamilton pushing on the line. hamilton coming next to you now pushing. next car 14. ok, next car has just 13 behind, you will be pushing. the audition is good. easy on power, and then we can work on braking on front.",45,2
clip_1032,Calm,0.987,Calm,0.65,Calm,0.8522,False,98.53,143.45,35.93,0.05133,0.06389,0.1526,20.0,i'm glad. try mode fw and boost on the main straight.,11,0
clip_0008,Calm,0.9435,High Stress,0.7,High Stress,0.5661,False,112.85,2027.22,193.55,0.0859,0.05102,0.2094,20.0,i'm going to reset one second. i'm going to hit it five and a half again. i'm going to push it. i'm going to do six. i'm going to do five and a half. i'm going to do five and a half. i'm going to do six. i'm going to speed up. i'm going to try to switch to soft. i'm going to do five and a half. i'm going to do five and a half. i'm going to do five and a half.,84,2
clip_0918,Frustrated,0.69,High Stress,0.7,Frustrated,0.414,False,137.62,221.55,61.42,0.08047,0.05916,0.1536,20.0,"i lost it a damn! you need to try and hook up the last one, fuck sake! okay mate, strat one. strat one. keep your pace up, mate. uhhh lost the rear. lost the rear at the end and",39,1
clip_0040,Calm,0.5235,High Stress,0.7,High Stress,0.3141,False,137.63,192.07,54.17,0.08875,0.0459,0.1728,20.0,now okay let's go please,5,2
clip_1144,Calm,0.8394,Calm,0.65,Calm,0.7636,False,101.41,82.94,19.63,0.07593,0.0577,0.2194,20.0,"opening the lap, but i expect them to be gone by the time we get there. we've still got 11 seconds to loss them. that's first gear and 14, and then it'll be mode push. mode push before the final corner. let's go. okay, let's go mode slow.",46,0
clip_0589,Calm,0.8803,High Stress,0.7,High Stress,0.5282,False,161.79,1389.14,225.99,0.09068,0.04191,0.1874,20.0,"a4, k2, k2. overtake, we have overtake. slide down and now focus on tires. and you have overtake and mode fw and boost on the main state. we are on plan.",28,2
clip_0827,Calm,0.7601,Calm,0.65,Calm,0.7161,False,98.33,92.8,20.71,0.08744,0.04816,0.1892,20.0,"now we just pick on the garage it's not the dump that's gazzly ahead it's 6, 5, 4, 3, 2 and 1 it's good, gazzly 5 ahead gazzly 6 ahead target 270, industry",24,0
clip_0706,Frustrated,0.8449,High Stress,0.7,Frustrated,0.5069,False,105.54,202.67,33.6,0.08577,0.05101,0.2141,20.0,"stay online on this main straight please. stay left in every hotline. in good 14 position 1 when you can, max. when you can. hey, my fucking face, mate!",27,1
clip_0240,Calm,0.8755,Calm,0.65,Calm,0.7853,False,115.67,122.82,34.28,0.08535,0.05185,0.1931,20.0,"double yellow turn 16 so you can abort mode charge. are you ready for the trick behind? no. next car pushing hamilton 7. you can box charles box. trackers now clear. russell 3, 4, 3, 2, 1.",30,0
clip_1290,Calm,0.4589,Frustrated,0.6,Calm,0.2753,False,286.01,907.6,330.83,0.04582,0.05528,0.199,3.008,leclerc's in the wall at 16.,5,0
clip_1069,Calm,0.8638,High Stress,0.75,High Stress,0.5183,False,244.12,817.2,221.05,0.08059,0.05365,0.2075,20.0,"ok, ready? just two burnouts, two burnouts. mode raise and k button on. k button off. parts are flying away from the car. no meter issues with the car, the moment, stroll five ahead. just north of your tyre, watch your front left.",43,2
clip_1193,Calm,0.4348,Calm,0.65,Calm,0.5209,False,103.01,66.08,13.9,0.07982,0.05619,0.2348,20.0,"it. i'm telling you, it's him. all right, you're doing a good job. happy to keep doing what you're doing. so we've got a 19 second gap behind us. there's some slight front grating on the left now. all right, copy that. so it doesn't look worse than what we've seen on other cars towards the end.",56,0
clip_1089,Calm,0.8651,High Stress,0.7,Calm,0.5191,False,146.21,184.4,39.2,0.08853,0.04618,0.1978,20.0,"what was the pace for bottas? so bottas is running 40.0 you're doing a good job in the high speeds, sergio. you will get him back. yeah, see if it works. i need the mushroom now. he disappeared the mushroom. i don't know what happened.",44,0
clip_1031,Calm,0.466,High Stress,0.7,High Stress,0.28,False,134.36,258.56,82.15,0.06234,0.06091,0.1663,20.0,grip on the inside but it's a long first turn hamilton coming back. chalet claire will try and hang on to it no chance of it.,26,2
clip_0997,Calm,0.7865,High Stress,0.7,High Stress,0.4719,False,134.03,255.99,72.98,0.07545,0.06541,0.1517,20.0,"russell trying to get the move done. russell to the inside of turn number one. dip entry, dip high speed available. lewis point six behind. good. so lewis will have overtake. that is george russell, disappeared.",36,2
clip_0603,Calm,0.8708,High Stress,0.7,Calm,0.5225,False,136.88,171.11,47.81,0.08881,0.04565,0.1764,20.0,don't be usable i come out of the last corner with no power negative we are looking into that so i don't have to chew and three people for power. this is the most efficient we can ever the minute this is good keep it up,46,0
clip_0511,Calm,0.9084,High Stress,0.7,Calm,0.545,False,152.32,476.3,113.27,0.08542,0.05178,0.1773,18.368,"lensing end of this lap. i'll send nine behind. box now, lance, box now. i'll send four behind, pushing, finishing again. box now. waybridge, lance, waybridge. you can go back to p2 when you're ready.",34,0
clip_0646,Calm,0.9029,High Stress,0.7,Calm,0.5417,False,111.32,167.11,41.91,0.08744,0.0482,0.1736,20.0,"before, everything up for them, fine. yeah, we saw that review. keep this depth on the dust, parking the corners. lift off and the plate. need some lift. in turn 14, back in.",32,0
clip_0270,Calm,0.6618,Calm,0.65,Calm,0.6571,False,121.04,125.25,33.76,0.0865,0.04991,0.1961,20.0,"turn 11-12, 1-10 love time, so do it lewis, 36-2, you did a 36-5-5 yep, he's very fast at the moment brake balance minus 1 hamilton, 36-2",21,0
clip_1028,Calm,0.7507,High Stress,0.7,Calm,0.4504,False,149.1,211.47,55.96,0.0756,0.06533,0.1896,19.872,"for us, tyropus is still ok. might be slight error damage. yeah, that was my vote. understood. just trying to race. axel, i've made loss to car head and car behind. it's actually breaking and exit of turn six. well, car behind six.",42,0
clip_0185,Calm,0.8495,High Stress,0.7,Calm,0.5097,False,113.94,194.33,42.2,0.08336,0.0549,0.16,20.0,"24 to go, we'll have to do as well we'll be racing, ocon watch out for the red one at 14 ocon went off at 2 and we joined some good laps, you're doing good laps so, ocon, i'm coming",37,0
clip_1327,Frustrated,0.9218,Calm,0.65,High Stress,0.5531,False,0.0,0.0,0.0,0.05395,0.05458,0.3834,2.688,"that's right, we set the fire. grozhan, grozhan.",8,2
clip_0726,Calm,0.5448,Calm,0.65,Calm,0.5869,False,94.74,59.55,9.08,0.08818,0.04683,0.1846,20.0,to do alonzo seven seconds behind pushing not sure what linbler is gonna do we think he's gonna push we are in sync with linbler in front so you can build a bit of a gap now and alonzo four behind pushing awesome three seconds pushing,48,0
clip_0636,High Stress,0.65,Calm,0.65,High Stress,0.39,False,117.78,128.75,34.61,0.07409,0.0461,0.1732,15.872,"i'm not sure what's wrong. a box box. an advice is to keep second gear longer in turn 12. box box. jumping. yeah, i had a massive, massive snap this week.",30,2
clip_0182,Calm,0.8666,High Stress,0.7,High Stress,0.5199,False,123.06,190.71,40.9,0.08296,0.05552,0.1742,20.0,"phase 2, going up is just phase that we're lacking. you go left bar behind you, 38.6. so ahead of you, you're going up to 32. you go back, low sound, high pitch. shall i try much in that lap?",37,2
clip_0032,Calm,0.9366,High Stress,0.7,Calm,0.562,False,165.71,175.29,33.58,0.07422,0.06308,0.128,7.264,"if you have an issue with tires, and you make a mistake or something bad happens on lap 1, we can convert to a build, push, call, push.",27,0
clip_0231,Frustrated,0.4877,Calm,0.65,Calm,0.2926,False,113.51,136.33,35.55,0.08744,0.04831,0.1954,20.0,"yeah, turn 83, all get better at traffic from salouche. lusted. idiot, turn the countdown. alright, my bad. turn the overall pickup. so russell",23,0
clip_0266,Calm,0.8188,Calm,0.65,Calm,0.7513,False,108.06,105.09,27.22,0.07535,0.04279,0.1969,19.968,"increasing and you have overtake. switch position yellow, russell 0.7 without it. russell 0.7 overtake. 25 laps to go. that's the equal coming to play. copy that.",24,0
clip_0621,Calm,0.9462,Calm,0.65,Calm,0.8277,False,100.49,91.75,24.38,0.0715,0.04513,0.1552,20.0,"okay, engine start. 25 seconds to green. we have green light. remind the maximum 8 seconds to the client from. obviously, a hard out club would be good. yes, probably. that's clear.",30,0
clip_1121,High Stress,0.7029,Calm,0.65,High Stress,0.4217,False,127.6,109.72,21.71,0.07941,0.05425,0.2182,20.0,"on medium hard followed by russell hamilton, leclerc, berman, gasly, lawson, ajar, sainz, palapin to p10, holkenberg p11, linblat, potas, ocon yourself, retired, verstappen, alonso stroll, piaz trinoris.",26,2
clip_0258,Calm,0.9468,High Stress,0.7,Calm,0.5681,False,121.29,240.38,46.45,0.08821,0.04693,0.1968,20.0,"switch position red, yellow turn two for now. and box tiles box. so you can do is to stay close to these dashes flowing down. as you cross the tentry.",30,0
clip_0928,Calm,0.9139,High Stress,0.7,Calm,0.5483,False,126.79,189.72,47.33,0.08284,0.05583,0.172,20.0,next on the delta and again have a think about balance. i think that warm up for us was good on the out lap and we were going to target something. i issues done 14 again with that. my torque is very inconsistent. turn 11 i had a lot of push on this lap.,52,0
clip_0509,High Stress,0.65,Calm,0.65,Calm,0.39,False,108.83,109.03,29.65,0.08591,0.05095,0.1695,20.0,"stop in there now you're all okay all good remember it charge off charge off yeah, copy that lance will box into this lap box now",26,0
clip_0693,Calm,0.8793,High Stress,0.7,Calm,0.5276,False,92.87,183.42,20.59,0.08802,0.04712,0.1709,20.0,crack is clear behind focused on tyres positive on brakes recharge off easy on throttle exit slow button practice now popped,21,0
clip_0785,Calm,0.6603,High Stress,0.7,Calm,0.3962,False,140.55,1923.79,209.86,0.08697,0.049,0.1918,20.0,"how about 3, target 70 kph 26? is that what rapid? yeah, it looks like it. 220 kph 27. that's your merit. 100 kph 29. sorry, you have no virtual merit question. correct. copy.",27,0
clip_0016,Calm,0.8077,High Stress,0.7,Frustrated,0.4846,False,107.12,190.52,42.1,0.08414,0.05371,0.1922,20.0,"it's just nice, it's just no port turning low. it's gone as you think it's going right now. how was the accommodation? it was hard to figure out what's going on, so i was tired, so i thought i'd be late this weekend.",43,1
clip_1273,Frustrated,0.7572,High Stress,0.75,Frustrated,0.4543,False,430.53,1990.04,351.08,0.07133,0.03537,0.2124,34.936,"no problem mate, no problem. and there's the two-haster martin squabbling and behind fernando alonso hits his old teammate lewis hamilton. he comes hamilton into the lacombe chicanes and they make contact. hamilton rises up into the air, he's made contact with fernando alonso. stop, stop, stop, stop, stop, stop, stop, stop. hamilton is out of this race. yeah, what an idiot, closing the door from the outside. i mean, we had a mega start but this guy only knows how to drive starting first. getting through there as well. hamilton there.",91,1
clip_0679,Calm,0.8757,High Stress,0.7,Calm,0.5254,False,115.78,262.32,66.26,0.08219,0.05566,0.1936,18.464,thanks for watching guys!,4,0
clip_1166,Calm,0.8149,Calm,0.65,Calm,0.749,False,104.35,77.88,16.54,0.08092,0.05861,0.2446,20.0,"6. time to gain compared to have minimum speed 10.6. nice work. let's try and pull away now. car ahead is h lkenberg. okay, valtteri, how's the balance? how's the tires? let's give all of you a cheer. go, grady. balance, okay. okay, so science the car ahead.",46,0
clip_0520,Calm,0.9103,High Stress,0.7,Calm,0.5462,False,144.35,468.16,76.64,0.08516,0.05224,0.1738,20.0,"and bottas is the lead guy, he's just approaching the final corner let's assume that we're close to a car exit and i'll update you the science is the science of approaching the safety car line, so let's turn 1 now and then we've got a gap the next car is going to be",53,0
clip_0387,Calm,0.8101,High Stress,0.7,High Stress,0.486,False,149.17,696.79,137.95,0.08845,0.04641,0.1969,20.0,it will be wrapped 7 turn 14 turn 14 turn 7 turn 8 turn 9 turn 11 turn 14 turn 14 turn 14 turn 14 turn 14 turn 14,16,2
clip_0664,Calm,0.9516,Calm,0.65,Calm,0.831,False,148.49,59.08,15.81,0.08992,0.04193,0.1774,2.016,you can get a lower gear to start.,8,0
clip_1008,Calm,0.473,High Stress,0.7,Calm,0.2838,False,136.76,207.83,58.77,0.07044,0.0588,0.178,20.0,good job. more saving. turn seven. russell finally makes headway. surprises ocon with a move down the inside at turn six. george russell looking for the move to the inside. oliver bearman claiming seventh.,34,0
clip_0324,Calm,0.7395,Calm,0.65,Calm,0.7037,False,94.24,106.75,25.32,0.06289,0.03167,0.178,20.0,it's straight out track is clear target plus four so kimmy ahead 14 seconds it was a 3399 that's a used,19,0
clip_0061,Calm,0.5269,High Stress,0.7,Calm,0.3162,False,144.53,457.84,88.06,0.06766,0.04867,0.1484,19.04,"with the front and rear zips. what did we find? what did we find? you were saying we locked both axles in the entry phase. yes, i think we were above both front and rear on the entry.",38,0
clip_0893,Calm,0.7756,Calm,0.65,Calm,0.7254,False,100.1,94.16,19.72,0.08645,0.04991,0.1555,20.0,"32.7, track of the car behind now 5 seconds on the push lap. weaving down to 11, franco 4th. franco 3 behind all that we've done so far. let's push the track now to 13. franco 2 behind, behind.",32,0
clip_1093,Calm,0.89,Calm,0.65,Calm,0.794,False,131.75,133.53,38.77,0.0784,0.04672,0.2136,20.0,"it's ok, not a 100 km, it's a nice view. i like it on the right side. copy that. what do you think about it? now we have some water. but you think it will do. so we are 0.9, 0.9 from bottas, you will get overtake if you stay",47,0
clip_1152,Calm,0.9039,Calm,0.65,Calm,0.8023,False,95.5,33.68,8.87,0.03852,0.04464,0.2198,3.776,"all right, in terms of tires, we've got hard tires on the axle.",13,0
clip_0074,Calm,0.674,Calm,0.65,Calm,0.6644,False,112.84,57.76,11.06,0.07936,0.05975,0.1404,2.432,"yeah, sure. if that's not gonna hurt the front locking then fine.",13,0
clip_0360,Calm,0.7645,Calm,0.65,Calm,0.7187,False,126.17,16.63,5.65,0.07604,0.06412,0.2418,3.2,"okay, so you can follow up the car please.",9,0
clip_0431,Calm,0.5683,High Stress,0.7,High Stress,0.341,False,114.53,340.06,52.17,0.06086,0.03811,0.1756,20.0,"just a car that splits again. it's used down that delta. there you'll be, it's pit lane. so watch the white line. nice work, jimmy. that's a whole position, mate. yeah, let's go, man. woo! yeah, that was a decent lap. no, good effort.",44,2
clip_0053,Calm,0.8906,Calm,0.65,Calm,0.7943,False,143.11,132.87,27.85,0.08777,0.04726,0.1805,5.088,"yes, and we did not in the second, i think it's better with the potion.",15,0
clip_0078,Calm,0.8267,High Stress,0.7,Calm,0.496,False,181.13,170.34,39.67,0.08289,0.05483,0.1922,2.624,"it's a 52610 focus rate, 52610.",4,0
clip_0148,Calm,0.8012,Calm,0.65,Calm,0.7407,False,99.41,108.74,18.5,0.08915,0.04508,0.1695,20.0,"i think i can make it to the top but not for okay, i need to get the wheel thing on the flap i need to get the flap please oh, okay",32,0
clip_0882,Calm,0.7774,Calm,0.65,Calm,0.7264,False,108.26,34.85,9.87,0.07475,0.06583,0.1482,4.032,"i'll have a break, look for me, please. when you ready? go four and a half minutes to the second stop.",21,0
clip_0545,High Stress,0.5091,Calm,0.65,High Stress,0.3054,False,118.28,114.23,26.18,0.08824,0.04686,0.1533,20.0,6th hamilton in 7th hamilton in 9th russell is slow out of 13th hamilton in turn 11th there's one car ahead to go russell slow ahead of you hamilton just leaving 13th,26,2
clip_0563,Calm,0.9515,High Stress,0.7,High Stress,0.5709,False,123.2,154.59,36.49,0.09224,0.03827,0.1869,20.0,"than you. wilkenberg 5 behind pusci, 1-10 first sector, 1-10 second sector, last sector you were fast. wilkenberg 3, antoni 6, time wise we are safe, happy to do another push.",26,2
clip_1308,Calm,0.7918,Calm,0.65,Calm,0.7351,False,135.83,38.35,10.7,0.08649,0.04818,0.1651,2.688,"everybody, we are checking now.",5,0
clip_0306,Calm,0.5302,Calm,0.65,Calm,0.5781,False,125.74,148.9,42.24,0.08176,0.04951,0.1476,20.0,"and the flight is correct please off-line b9, b9 level race mate, very good drop mode 13, mode 13, now please really very good drop full mode 13, that's a strong race, strong race lot of learning",31,0
clip_0318,Calm,0.6931,High Stress,0.7,Frustrated,0.4159,False,150.52,1933.08,299.73,0.07115,0.04231,0.2441,20.0,"yeah, good job there and yeah, we'll polish these type of things to some homework. yep, good job to everyone to finish both cars. yep.",25,1
clip_0179,Calm,0.9188,Calm,0.65,Calm,0.8113,False,102.51,122.53,27.41,0.07914,0.06058,0.1691,20.0,"ok, that's what pressure to 4, pressure to 4, to go with the deck coming back, to start it off fast, and then what's it doing? we just want to try stages 4, turn 1, 2, and then stage 3 rest of the line.",38,0
clip_0386,Calm,0.7205,High Stress,0.7,High Stress,0.4323,False,133.68,283.82,77.75,0.08091,0.04804,0.1765,20.0,"just crank that car out of the way now. why are you doing so many bar nights like i just did? i could level this lap. hey, come. it's all good. car's just going behind the barriers now. some seat in this lap. just remind them of the restart.",49,2
clip_0943,Calm,0.9348,Calm,0.65,Calm,0.8209,False,131.77,111.5,30.78,0.08052,0.05906,0.1664,20.0,"skip the blankets. can you confirm cloud 7? can i confirm asian cloud 7? do you want me to do a lot of straights? 0 to 50 properly possible mate. so it's completely normal that you stay in the middle also if you go to the right. ok mate, so here we are.",49,0
clip_0296,Calm,0.9763,High Stress,0.7,Calm,0.5858,False,143.56,1932.7,280.68,0.06763,0.0534,0.1863,19.616,"franco finished. so franco finished p10. p10. ah, good. anyway, it's been a very good weekend guys. thanks for the car. it was very enjoyable to see.",25,0
clip_0192,Calm,0.9002,Calm,0.65,Calm,0.8001,False,99.51,87.99,19.8,0.08702,0.04901,0.1628,20.0,whatever better chance for points you think this will be tricky i think we need to take a new software and you video and after to do better job please 1060 and all the correct and once it's a fortune,39,0
clip_0202,Calm,0.4679,High Stress,0.7,Calm,0.2808,False,106.8,157.68,31.55,0.08686,0.0493,0.1546,20.0,"and one is obi management turn one was good, pec management turn one was good oq714, that's the big one turn 14 no worries and go, 3d ie 371",25,0
clip_0196,Calm,0.8824,Calm,0.65,Calm,0.7895,False,110.67,128.7,32.47,0.0872,0.04865,0.1711,20.0,"yeah, that's good news for us because let me know when i can start pushing a beat even the breaking and everything i'll let you know what one and two to break they're gonna find a place to push good",41,0
clip_0336,Calm,0.9556,Calm,0.65,Calm,0.8333,False,98.51,46.44,10.53,0.07041,0.07016,0.2314,2.72,build your gap on this exit,6,0
clip_0774,Calm,0.9131,Calm,0.65,Calm,0.8078,False,92.85,62.64,6.99,0.08134,0.0482,0.1975,20.0,"red tree minus two and brake balance minus two and blue flags dantanelli. good job nico. we kept the overtake range with dantanelli. and ocon is out of overtake range. consider high speed ten, high speed ten. we will only get two blue flags, only get two",47,0
clip_0396,High Stress,0.4206,Calm,0.65,High Stress,0.26,False,93.39,49.42,6.97,0.08911,0.0452,0.2094,20.0,36 or 36 or 36 0 ferrari's behind looking for that converted word 2 stop maybe some debris exit turn 4 36 0 give me my car,19,2
clip_0358,Calm,0.8901,Calm,0.65,Calm,0.7941,False,97.78,101.32,22.74,0.08653,0.04861,0.1651,20.0,white line entry coming down beerman beerman at seven six five four so we've got the spot we'll stop you short we'll be short switch off pull you back in,30,0
clip_0462,Calm,0.9182,High Stress,0.7,High Stress,0.5509,False,108.99,201.96,46.52,0.08413,0.05361,0.1942,20.0,"4.5 so all the behind now the claire lewis and george yeah, happy with this just keep building the gap out 4.5 still happy to push it to 7",26,2
clip_0523,Calm,0.8631,Calm,0.65,Calm,0.7779,False,126.78,115.66,29.43,0.08823,0.04685,0.1666,20.0,"lap. we'll box this lap, keep the revs left on the inlap. car behind is oscar, he's on his inlap as well. behind him is colopinto on an outlap. there's kind of time that probably para's in turn 1. we've still got oscar just leaving 6.",44,0
clip_0044,Calm,0.9033,High Stress,0.7,Calm,0.542,False,116.6,176.99,53.78,0.08648,0.04994,0.1431,20.0,because 1 tenth on the hull 3 tenths and 3 minimum speed 3 tenths and 13th they take it 1 tenth park lot 6th let me know what to do i'll be the first chef with your stability,31,0
clip_0088,Calm,0.9041,Calm,0.65,Calm,0.8024,False,125.78,120.52,18.39,0.06019,0.06171,0.1415,9.44,"i can also do something back. great position 10 and 14, so that's right hand side. that's been some roll and he put some powder to clean it so you might see marks of it.",33,0
clip_0854,Calm,0.8796,Calm,0.65,Calm,0.7878,False,96.13,58.5,10.32,0.0869,0.04911,0.206,20.0,"turn 7 minus 0.5 ok, ollie has a max behind a similar hr and he's also on hard racing him to the end 34 to go these laps are good ollie, good job up in 2.1",32,0
clip_0840,Calm,0.8451,Calm,0.65,Calm,0.7671,False,106.33,120.91,20.75,0.09011,0.04315,0.2025,20.0,"turn 7, 8 minus 0.5 turn 7, 8 minus 0.5, 50 to go get all the higher the tires aye, that's good, so far 50 to go, turn 7 minus 0.5",21,0
clip_0125,Calm,0.9258,Calm,0.65,Calm,0.8155,False,117.8,130.21,31.11,0.05306,0.06119,0.0912,8.928,"yeah, all good. yeah, stop tired. so, quite a bit of a mix. only two stop starters. left hand and right hand. ap9.",22,0
clip_0623,High Stress,0.8677,Calm,0.65,High Stress,0.5206,False,124.85,142.8,40.52,0.08965,0.04364,0.1838,20.0,"which is first time on weekend, i don't know why cause copy wool check temperatures keep it based up in the inlet first car pushing behind bottle and nine seconds bottle level seven behind bottle level now 4.5",37,2
clip_0699,High Stress,0.5947,High Stress,0.7,High Stress,0.6368,False,126.75,173.4,50.35,0.08734,0.04841,0.2098,20.0,"now. sorry, that's a mistake once. max rev-met gear 1, turn 6. to avoid lag. if i want one, i can see that i'm going to see.",24,2
clip_1162,Calm,0.5383,Calm,0.65,Calm,0.583,False,115.35,99.59,20.67,0.06395,0.06493,0.2039,19.936,"4 deeper if possible. alright, coming out of 16 we're still happy for 4 burnouts. alright, and reminder for k2 before the start. last car on the grid. mode race.",26,0
clip_0780,Calm,0.8591,High Stress,0.7,Calm,0.5154,False,121.29,266.13,69.07,0.06713,0.0576,0.1837,20.0,"okay, good job tene niko. we'll get the points next time. tanful is there.",14,0
clip_0487,Calm,0.9696,Calm,0.65,Calm,0.8418,False,143.5,105.64,27.92,0.08078,0.05853,0.2323,6.624,in the corners you want decent pushing a decent pushing seven eight i'll tell you if it's too much but yeah basically,22,0
clip_0010,Calm,0.9232,Calm,0.65,Calm,0.8139,False,99.42,135.57,21.6,0.08795,0.04718,0.2215,20.0,"to help the rotation, it's high ground energy. so, push, push now, reset, you've got to switch it. push. there's a feedback on balance, cross-quad balance. there's an increase in up the steer cross. alright, it's helped.",36,0
clip_0133,Calm,0.8832,Calm,0.65,Calm,0.7899,False,123.71,84.86,18.31,0.0318,0.03796,0.1397,20.0,"and now 1 bit fire, 1 second, 1 fire, 1 bit on and let's wait for it to be in north to north east. try to hit strong anyway, 2.6. okay. okay, on. that's it. you still go start, no old breaths.",37,0
clip_0650,Calm,0.3772,Calm,0.65,High Stress,0.4863,False,108.16,85.96,23.02,0.08164,0.05679,0.1494,2.88,"i don't know what it is, it's just i can feel it on my arm.",15,2
clip_0340,Frustrated,0.4715,Calm,0.65,Frustrated,0.2829,False,99.67,129.78,39.04,0.08794,0.04735,0.1753,20.0,"3 seconds, 5 behind him to the staffer, 4 seconds weird, i have a lot of understeer in the last corner, i put the lap as well 3 to the staffer on a lap, 2 seconds",31,1
clip_0168,Calm,0.9428,Calm,0.65,Calm,0.8257,False,113.51,123.24,28.27,0.08538,0.05172,0.1704,20.0,"this is the rest of the video, have a view. we are 7-2-0. i have a 5-loss on the signal over the deck mode. 1-1. well, obviously if i'm in this group it means some status.",33,0
clip_0824,Frustrated,0.7752,High Stress,0.75,Frustrated,0.4651,False,260.48,1926.33,510.37,0.08634,0.0502,0.2005,20.0,"yeah, copy the video was so shit. yeah, copy, had your 4 and a half. this left, had your 4. had your 2 and a half. so ollie, how much of that lap was traffic at print 6 for example? no, no, it was right 4.",41,1
clip_0066,Calm,0.9468,High Stress,0.7,High Stress,0.5681,False,177.29,428.64,96.69,0.0858,0.05118,0.148,20.0,"we have had your pushing 10, but we have put the attitude in this course. at your 10, there is 20, so push it. the lead is at the face for the front tires and the weaving. we would like reading on the second half of the back straight and quarter in the last corner. at your pushing 10.",55,2
clip_0158,Frustrated,0.6584,High Stress,0.7,High Stress,0.395,False,109.72,189.1,32.19,0.07166,0.04757,0.1594,20.0,"go! and rest them! set the gap in the lap. so you put your brakes on your tires. and you're gonna set the gap. and you're gonna leave a little bit. and you first guys, put that! so i can look at how many laps to go?",49,2
clip_0252,Calm,0.9128,Calm,0.65,Calm,0.8077,False,116.85,97.16,19.27,0.07281,0.05887,0.1769,19.968,"ok, to fire up. so, when we drop the car by point, hit limiter on mode k2. there will be then mode formation into turn 1. formation light will be sm off and cool down the car turn 14 with low revs and then watch for the bar.",45,0
clip_0119,Calm,0.687,Calm,0.65,Calm,0.6722,False,94.91,130.59,23.44,0.0883,0.04661,0.1457,20.0,"i can't see you i can't see you i can't see back on flap not behind i'm happy with flap he's 16th, still porto leto close his lap okay, that's p17 porto leto p2 and i'm third of us, lothon 34 from 1",38,0
clip_1307,Calm,0.8694,Calm,0.65,Calm,0.7816,False,129.62,125.25,26.97,0.05872,0.05463,0.2517,2.464,"yeah, it was good start, liz. i have.",8,0
clip_0524,Calm,0.593,High Stress,0.7,Calm,0.3558,False,151.7,1910.67,193.93,0.08421,0.05339,0.1842,20.0,"pinto outlap the 6 perez time lap turns 6. perez turn 8. perez turn 11. perez just leaving 13. and we're boxing this lap, stopping in front of our garage. chocola pinto is just a",30,0
clip_0839,Calm,0.9613,Calm,0.65,Calm,0.8368,False,98.57,45.31,9.25,0.08454,0.04844,0.1988,20.0,"4 bar nights is possible, we can do 4 bar nights ollie, mode slow and 4 bar nights. 81 if you can. ok ollie, your feet will be longer as the head down, turn 7, 8, minus 1. and that's 50 feet up to go.",37,0
clip_1038,Calm,0.4102,High Stress,0.7,High Stress,0.28,False,175.6,331.33,70.89,0.08314,0.0552,0.1529,20.0,"the grand prix winners there isn't many and now you're part of it. it was a lot of mega-race, really really happy. thank you thomas, thank you everyone. george russell makes it a mercedes one too and lewis hamilton finally has a ferrari grand prix podium. well done lewis, sorry there is",51,2
clip_1155,Calm,0.8503,Calm,0.65,Calm,0.7702,False,104.43,58.58,8.49,0.06372,0.05592,0.1824,6.24,head of you to the right as an empty slot for your support to let out is a print lane start along with albin and norris.,26,0
clip_0551,Calm,0.7694,Calm,0.65,Calm,0.7216,False,120.24,144.25,37.13,0.0906,0.04213,0.1905,20.0,"4, 5, 6, 7 and green 6, position 2, green 6, position 2 botas 5 botas 3, wind similar to this morning nascar pushing, cola pinto",16,0
clip_1024,Frustrated,0.667,High Stress,0.7,Frustrated,0.4002,False,97.63,162.53,41.76,0.05259,0.0626,0.1751,20.0,"i don't fuck up. alright mate, that's good, let's focus now. i want to go up to fucks every, every one. understood, 5 seconds.",23,1
clip_1354,Frustrated,0.6716,High Stress,0.75,Frustrated,0.403,False,261.4,437.85,117.72,0.07537,0.06502,0.157,3.744,come on man. do me a favor please. get out of here.,12,1
clip_0259,Calm,0.6833,High Stress,0.7,Calm,0.41,False,114.83,157.15,36.0,0.0777,0.05315,0.213,20.0,six seconds let me know flat for hard please fronting clock okay like this understood watch out erasing color pinto and limbo like exit it exit,26,0
clip_0382,Calm,0.9523,Calm,0.65,Calm,0.8314,False,95.25,117.47,34.28,0.08052,0.04703,0.1779,20.0,"safety cars, safety cars, box, box, strap one. so, community safe, box, one for those of us. reset diff entry. i've made a pitch. there you go. just don't push the ferrari back. reset diff entry, give mid. you've got fuller pins.",42,0
clip_0135,Calm,0.9071,High Stress,0.7,Frustrated,0.5443,False,154.23,1966.87,257.87,0.06541,0.04491,0.145,20.0,i have a low speed i do a measure of 1 to 2 i'm just going to do 6 to 12 i'm going to manage the captain now i'm going to manage the captain i'm going to slow for the platoon i'm going to be the one to pass i'm going to be the one to i'm going to be the one to i'm going to make sure you have a captain on,69,1
clip_1315,Calm,0.9562,Calm,0.65,Calm,0.8337,False,121.69,45.64,12.67,0.038,0.03798,0.2172,2.752,"red slack, red slack, red slack, red slack",8,0
clip_1240,Calm,0.9538,High Stress,0.7,Frustrated,0.5723,False,151.76,197.14,46.8,0.08356,0.05491,0.1777,34.968,"process into a report that's actually easy to understand. using a car vertical report, you can see if a car has had previous damage, if the mileage was rolled back, whether it was stolen and what equipment originally came with it. in some cases, you can even see photos of the car after an accident. the car looks fine today, but the report clearly shows accident history, mileage issues and damaged photos. the kind of details sellers don't usually bring up on their own. if you buy a car vertical report and it comes back without any findings, your credits are automatically refunded, so there's no risk. so before you buy a used car and get an unpleasant surprise later, make sure you check it first.",126,1
clip_0117,Calm,0.882,Calm,0.65,Calm,0.7892,False,103.56,100.76,22.47,0.08975,0.04382,0.1646,20.0,"i'll put the cap, 23, 24, 35 make sure to go push i'll put it there to let's push the rear touch-collef, that's good it's good improvement, good improvement okay, that's 14, he's 14",28,0
clip_0035,High Stress,0.5296,Frustrated,0.6,Calm,0.3178,False,222.07,376.19,90.2,0.04372,0.05532,0.0954,5.856,"yep, then. how long it took me? 50 seconds to go in, for your opinion, tensu.",15,0
clip_1044,Calm,0.6507,Calm,0.65,Calm,0.6504,False,98.06,134.41,35.41,0.0649,0.05957,0.1026,14.976,"special, 160 names on the honour board. the newest, kimmy antonelli.",10,0
clip_0651,Frustrated,0.9501,Calm,0.65,Frustrated,0.57,False,105.35,74.8,19.09,0.07884,0.06059,0.1783,2.912,that's worse. that's worse. i hope it needs to get back where it was.,14,1
clip_0017,Calm,0.8369,High Stress,0.7,Calm,0.5022,False,102.93,152.57,28.73,0.08731,0.0484,0.1922,20.0,got better got some working ball pushing quite otherwise quite behind out that preference would be to do the same again with the weaving yeah again,26,0
clip_0529,Calm,0.8635,Calm,0.65,Calm,0.7781,False,139.19,119.75,30.49,0.08664,0.04965,0.1563,20.0,"and up is hamilton turn 11. car behind you though is leclerc on and out that, hamilton's three back and turns 12 on a time lap. think it will be clear ahead when you get there. hamilton's approaching turn 14. assumed for now, single cool, hit the reds up.",46,0
clip_1036,Calm,0.322,High Stress,0.75,High Stress,0.3,False,254.88,644.12,156.37,0.0821,0.0569,0.1646,20.0,"kimmy antonelli wins! yes kimmy, come on my son! yes! yes man! we did it! we did it! we did it man! well done there mates first race win. this is one you're gonna remember forever though. thank you everyone. thank you so much",45,2
clip_0508,Calm,0.4178,High Stress,0.7,Calm,0.28,False,137.25,382.96,80.48,0.08773,0.04771,0.1624,20.0,"tires. sink eighth gear if you can. for stopping, five behind. gap ahead is all good. just remember a good break into 14. for stopping, four behind. finishing a push. for stopping, four. three. remember, go one, go one. for stopping, still three behind. gap ahead is okay.",47,0
clip_0977,Calm,0.9596,High Stress,0.7,Calm,0.5758,False,116.65,159.74,35.98,0.07885,0.05031,0.1714,20.0,copy. wait some more.,4,0
clip_0003,Calm,0.829,Calm,0.65,Calm,0.7574,False,106.83,37.18,7.31,0.0697,0.0636,0.1623,2.08,"okay, it's far, 40 seconds, four zero.",6,0
clip_0169,Calm,0.8118,High Stress,0.7,Calm,0.4871,False,107.02,195.04,30.15,0.08799,0.04714,0.1744,20.0,"stay to screen. watch out, at point four, the soldier. at point two, we lost our attack. we still have our attack point.",23,0
clip_0444,High Stress,0.6646,High Stress,0.7,Calm,0.3988,False,124.9,191.35,47.48,0.08413,0.0539,0.1928,20.0,"look there, get that little 1.4, turn one level pushing is still going up. 1.1. whatever, it's losing into that second. george used a boost press into 14. we have that yellow down at turn three. you are in your safety car window.",40,0
clip_0261,Calm,0.8954,Calm,0.65,Calm,0.7972,False,120.79,135.17,28.82,0.07739,0.04217,0.1884,20.0,we need mode sc please mode sc we should target minus 25 for tires on the dash minus 25 magic available if you need recovery vehicle turn 2 double yellow turn 2,28,0
clip_0536,Calm,0.8256,High Stress,0.7,High Stress,0.4954,False,122.41,156.01,33.11,0.08868,0.04602,0.1473,20.0,"single pull, antonelli's out of the final corner, he revs up, he will open the lap. that's antonelli in turn 1, antonelli turn 3, then there's about 8 seconds to rustle. antonelli right behind, main opportunities.",33,2
clip_1300,Frustrated,0.6613,High Stress,0.75,Frustrated,0.3968,False,274.12,957.19,284.36,0.05693,0.04434,0.153,35.0,"don't spare him! luis hamilton, luis hamilton, luis hamilton! well i think yuki sinaldo feels in some way luis hamilton impeded it, which we didn't necessarily see. okay yuki, let's push! one step more on tyres, we are good on tyres, we need to call for signs. push, push! mate, i am! look! i can't push it more because there is a car, i'm also at default. i'm not dirty here! copy.",72,1
clip_0426,Calm,0.9642,High Stress,0.75,Calm,0.5785,False,650.8,1902.17,861.99,0.08034,0.05812,0.3199,2.624,so that's that could be all clear,7,0
clip_0730,Calm,0.7784,Calm,0.65,Calm,0.727,False,92.05,65.18,14.7,0.08437,0.04626,0.1761,12.32,"car behind hamilton, two seconds is opening now. okay, let's box this lap. worma feels good from my side like this. wormcar and no traffic.",25,0
clip_0330,Calm,0.8847,High Stress,0.7,Calm,0.5308,False,130.32,273.93,78.27,0.06426,0.0431,0.1767,13.312,"up on the marks we can make the adjust still do another run. box, box. up on the marks and switch off. switching off? hey, permit me. we'll switch off, pull back in.",33,0
clip_1224,Calm,0.8582,Calm,0.65,Calm,0.7749,False,89.7,26.98,5.09,0.05823,0.04264,0.1536,23.912,"understood, stay patient, you're clearly quicker. we need the same thing again, you can't do that. if i don't move out of the way, it's launching me off the track. good job. i guess about time five laps to go, but ahead.",42,0
clip_0885,Calm,0.9471,Calm,0.65,Calm,0.8282,False,120.5,74.01,16.39,0.08467,0.05258,0.1387,4.8,"maybe a couple of notes on tracks, all the sm ports are all back in place now.",17,0
clip_0562,Calm,0.7538,High Stress,0.7,Calm,0.4523,False,116.34,161.97,33.15,0.08984,0.04365,0.1811,20.0,"5, 6, 7, 8 norris 10 behind, on an outlapped, shall in front, 7 seconds same wind, same path 10 we are p3, shall p1, 110, faster",17,0
clip_0051,Calm,0.8819,Calm,0.65,Calm,0.7892,False,194.47,90.84,17.68,0.08194,0.05663,0.2003,4.064,"so, abit, we can do pushtoggle.16, what do you think?",9,0
clip_0014,Calm,0.9287,Calm,0.65,Calm,0.8172,False,96.0,138.74,26.56,0.0846,0.0529,0.1818,20.0,"get 378, still high back. level that in 4. level that in 3. the push cross go up to 1. and you're 8. now with you.",21,0
clip_0514,Calm,0.8134,Calm,0.65,Calm,0.748,False,118.05,130.59,39.19,0.08901,0.04534,0.1511,20.0,"now on the push. okay, so next pushing is a big gap, so a big gap behind. so you've got lin blatt ahead, you're in sync with him. no one pushing behind. so it's pushing",35,0
clip_1322,Calm,0.9282,Calm,0.65,Calm,0.8169,False,131.47,15.3,4.58,0.09107,0.03947,0.3316,2.272,i will let you know as soon as i'm off.,10,0
clip_0343,Calm,0.867,Calm,0.65,Calm,0.7802,False,113.03,138.72,44.95,0.08765,0.04786,0.1801,19.968,i can make a box box prepare another from wingham i run wide open it by previous lab i reckon there's something to happen there shut mode strap 13 strap 13 box box box box will stop you short,37,0
clip_0417,Calm,0.5394,Calm,0.65,High Stress,0.5836,False,106.37,118.61,20.3,0.06301,0.04857,0.1819,20.0,so ocon acts at six seconds he's first car on a lap and then he'll have bayman behind him another four ocon car behind and then bayman will be six all clear now. next car is lawson on an out lap next car is on a push so gradual pedd-,49,2
clip_0836,Calm,0.8757,High Stress,0.7,Calm,0.5254,False,126.32,266.13,76.96,0.07935,0.05525,0.1945,19.68,thanks for watching guys!,4,0
clip_0765,Calm,0.9161,Calm,0.65,Calm,0.8097,False,93.3,84.48,11.96,0.08536,0.05185,0.2061,15.872,completed 31 to go. so in front of gazelia's ocon and colofinto those are the two cars on the same starting hard same as you. we believe we have the pace on them we just need to be patient and get a chance to overtake. who's the guy behind me?,49,0
clip_0962,Calm,0.7769,Calm,0.65,Calm,0.7261,False,103.71,92.03,12.9,0.08441,0.05107,0.1716,20.0,"14 and less cars pull away stappen the car behind boost available if needed fire a sighting for one fire energy is good, the stappen behind can make good job on tyres using boost down to turn one, press and hold the whole straight stappen further back this time, good job boost use is good",54,0
clip_1146,Calm,0.5136,Calm,0.65,High Stress,0.5682,False,85.78,126.46,19.05,0.06449,0.05717,0.2158,20.0,"347 343 stroll behind it did a 35 9 yes, you lost it that's so good of you, farb already yeah, you broke up a bit there mate, but yeah, thank you for the session all right, so we're gonna box this lap",40,2
clip_0112,Calm,0.6211,High Stress,0.7,Calm,0.3726,False,145.06,162.84,50.85,0.08319,0.0552,0.1444,20.0,"go out, we're going to break through the plane there will be no hold just slowly on the wall slowly on the wall but no hold i would like to save again make your gap 3,4,3,2 fill your gap now",39,0
clip_0688,Calm,0.7545,High Stress,0.7,Calm,0.4527,False,132.84,422.8,84.74,0.08264,0.05596,0.1797,20.0,"easy throttle exit temple team norris is gone. so just pedestrian slow button and box please slow slow button please max a box to the top of norris behind you yeah, i have two guns and really",37,0
clip_1209,Frustrated,0.9074,High Stress,0.7,Frustrated,0.5444,False,96.66,173.12,32.16,0.06177,0.0489,0.148,35.0,"i did a s job, i did a s job! i did a s job, i did a s job, that's it! i did a s job! quirlochano, what the f is that? quirlochano, i am such a little f ing f ing stupid! i did mistakes! come on charles! charles! come on! stupid! stupid!",55,1
clip_0859,Calm,0.5061,Calm,0.65,Calm,0.5637,False,99.3,101.45,17.31,0.09068,0.04191,0.2017,20.0,"last lap, well done. okay, olli, now we have the a9 position 4 for more recharge. copy. captain, astrid. 7.5. really good laps, olli, really good laps.",24,0
clip_0634,Calm,0.9395,High Stress,0.7,Calm,0.5637,False,111.44,178.7,33.62,0.0884,0.04657,0.1966,20.0,"of you russell, four seconds we don't slow down, no weaving in the back straight, multi-beat one position ten, position is very good, we think russell in front will not be pushing next up, and full pass corner.",37,0
clip_0861,Calm,0.6822,Calm,0.65,Calm,0.6693,False,97.34,116.08,17.61,0.07459,0.04532,0.1881,20.0,"okay, and debris has been turned four and five, no info where. twenty-two to go. twenty-one to go. okay, ali, a little bit of front and rear on the rotation and the port team. maybe just pull the braking back a little bit. that's not it! 3.9.",44,0
clip_0815,Calm,0.9464,Calm,0.65,Calm,0.8279,False,99.22,99.31,22.2,0.08728,0.04832,0.1622,20.0,"what will they do in turn 14? no effect in turn 14. it'll do what you want in 16. so 350 and the straight here. 80 kip, the hitch in turn 11. we've got 170, 315, mr. barn 9 ahead. we've got behind.",33,0
clip_0335,Calm,0.8153,Calm,0.65,Calm,0.7492,False,81.05,56.65,16.47,0.07944,0.06042,0.244,9.184,"pops, pops. we'll stop you short. and, uh, i'm just george, going again on a new set.",17,0
clip_0629,Calm,0.9166,High Stress,0.7,Calm,0.5499,False,130.81,150.44,41.91,0.08846,0.04627,0.172,20.0,you have a hajar on out lap behind no one pushing behind for now. what's the limitation turn 11? the difference between the driver and the car. from a charge off? if you can keep the position it's better to be set behind your hajar is out lap.,47,0
clip_0333,High Stress,0.5729,Calm,0.65,High Stress,0.3437,False,91.38,74.8,14.42,0.08966,0.04409,0.198,20.0,"at two seconds, imminent two seconds. so currently p1 pretense to lewis, also behind his out lap. behind that are slow laps. so sector 2, 110 to lewis.",25,2
clip_0439,Calm,0.6554,High Stress,0.7,High Stress,0.3933,False,119.38,283.89,59.24,0.07024,0.04272,0.1982,20.0,"get to the 6th head, put the 7th behind. get to the 5th head and behind. george, put the 5th behind. those with the 6th behind. good!",22,2
clip_0880,Calm,0.6708,High Stress,0.7,Calm,0.4025,False,141.92,171.82,40.18,0.0854,0.05175,0.1853,14.4,"me too, that's an incredible result. and again, another validation of all this hard work. great job everyone, and even both is tonight. maybe three. push the boat out. yeah, three this weekend.",33,0
clip_0734,High Stress,0.7848,High Stress,0.7,High Stress,0.7509,False,177.07,1931.55,351.44,0.06178,0.03915,0.2104,20.0,to make a missing some stability there,7,2
clip_0582,High Stress,0.65,High Stress,0.7,High Stress,0.39,False,165.66,1313.93,209.18,0.08438,0.05334,0.2091,20.0,"you. flap at 80 when you can. i mean, what else is there to be dropping? safety car, safety car. box, box. yeah, going for plus two. understood.",27,2
clip_0098,Calm,0.7779,Calm,0.65,Calm,0.7267,False,112.47,147.1,36.96,0.08592,0.05091,0.1587,20.0,"13th boost, slm, off, on, off 2nd cut, 2nd open 3rd behind 2nd cut, 2nd open 2nd cut, 2nd open, alex, go ahead here you have a gap to alex, or is 2 behind 2nd cut, 2nd open, 1nd cut, 2nd open, only alex, he's going for it, alex, up",37,0
clip_1281,Calm,0.8081,High Stress,0.7,Frustrated,0.4849,False,175.4,229.53,64.29,0.07226,0.04733,0.2044,19.64,"max, try pressing the drs after your curbing. max, i think you may have closed it last time around. you've got a pressing at 50 times before that, but kimmy's lap is good though. i mean, we have to suspect they've filmed the engines up. so, the stappen is three behind you now, the first for stappen in turn one.",59,1
clip_0445,Calm,0.9272,Calm,0.65,Calm,0.8163,False,86.87,101.32,19.86,0.08565,0.0514,0.1907,20.0,"safety cart with them. safety cart, safety cart. so box, box. so it's strut loading one. watch the white line on entry. so it goes out. it should be all clear on exits. safety car just ahead. colour pits.",39,0
clip_0049,Calm,0.6921,High Stress,0.7,High Stress,0.4153,False,171.83,422.9,106.81,0.08724,0.04869,0.1596,20.0,"hamid turn two behind, pushing charge on, charge on, hamid turn one behind pushing wait for hamid turn coming now bad things not charging we have an issue, we are checking work, work watch your brief time, stop in front of the garage carbide, we are checking",47,2
clip_1007,Calm,0.9211,Calm,0.65,Calm,0.8127,False,93.87,95.64,16.83,0.03086,0.03954,0.1682,20.0,and now focus on tires.,5,0
clip_0746,Calm,0.7505,Calm,0.65,Calm,0.7103,False,109.19,53.4,15.63,0.0897,0.04355,0.1703,5.632,two cars are on soft hits both red bolts for stepping and had jar p8 p9,14,0
clip_0264,Calm,0.9023,High Stress,0.7,High Stress,0.5414,False,121.68,167.89,36.61,0.08703,0.04896,0.2037,20.0,"no radio, repeat. run, run, run. antoneli 36-5, you do the 36-8. diff, mid, minus 1. antoneli 37-1. russell 0.8 with",16,2
clip_0337,Calm,0.9129,Calm,0.65,Calm,0.8077,False,90.42,123.91,25.78,0.08673,0.04961,0.1759,20.0,"perfect. right, norris starting a lap just over the start finish line, so let's hold for him. come through. head, five, nice through at turn one. clear. target plus four. give me now seven ahead.",35,0
clip_1157,Calm,0.9328,Calm,0.65,Calm,0.8197,False,110.07,64.83,18.99,0.07358,0.06669,0.154,2.432,"yeah, pit lines be a little bit higher up.",9,0
clip_1275,Calm,0.5144,High Stress,0.75,Frustrated,0.3087,False,254.12,1548.52,253.94,0.08897,0.04545,0.1829,35.0,"good. can't get past him as marcus ericsson. now on fernando alonso makes that two cars passing alonso in two laps at the same corner. the same program that brings like a few people. it's this, uh very policy. they're still doing that next year at this time. there's no way alonso will be doing three years of tolerating that. he'd rather go to le mans, or something. he's just so frustrating for him. now verstappen's going to start to overhaul him a little bit. this time he is a lot closer. and this time he's going to go for it in the turn one! verstappen on alonso!",108,1
clip_0214,Calm,0.8901,High Stress,0.7,High Stress,0.5341,False,102.68,152.07,32.72,0.07708,0.053,0.1524,20.0,"we will be taking the flag and the flight, and not breaking the water of the nose. we will be taking the flag, take the flag, and the propeller of the flight. flag, take the propeller please, of the flight. b9, b9, another race mate, very good job. more 13.",47,2
clip_1047,Calm,0.8448,High Stress,0.75,Calm,0.5069,False,206.38,850.51,226.76,0.08906,0.04526,0.2255,20.0,"i will work your brakes, let lean block go. and next car pushing is holkenberg, there is three behind you pushing. mode push and good to go. it will be purple button on, purple button on. what's for colapinto is the first car.",43,0
clip_1108,Calm,0.8169,Calm,0.65,Calm,0.7502,False,118.24,124.97,26.5,0.08818,0.0469,0.213,20.0,even position altar has taken the blue flag as well b by 3 and for info we have overtakes russell is car behind 1.8 seconds 15 laps remaining,25,0
clip_0596,Calm,0.5224,Calm,0.65,High Stress,0.5735,False,116.67,146.34,35.66,0.07933,0.0437,0.1853,20.0,i'm losing. i'm behind overtake. you are at the last at the wind overtake. i'm shitting slow. we're not losing that one. coming back to you. r6 turn.,27,2
clip_0069,Calm,0.6988,High Stress,0.7,Frustrated,0.4193,False,152.07,436.13,97.8,0.08634,0.05024,0.1757,20.0,"i'm going to start to go long. good test as far now. good job. okay, we'll manage. head down. that was great. slow vote on, higher pm. yeah, shit, last sector. oh, yeah, i can make a step. yeah, see you later.",42,1
clip_0543,Calm,0.8464,High Stress,0.75,High Stress,0.5079,False,367.41,1931.55,610.83,0.0737,0.06721,0.2619,6.176,"5, 4, 3, 2, 1, and then the clerk's over the staff finish line.",9,2
clip_1336,Calm,0.6392,High Stress,0.7,Frustrated,0.3835,False,159.78,160.05,40.55,0.08441,0.05294,0.203,5.632,"even with drs it's proven really difficult for hamilton. he's there, likert. a leakage of what?",16,1
clip_0287,High Stress,0.6148,High Stress,0.7,High Stress,0.3689,False,141.49,515.18,118.91,0.0894,0.04454,0.1698,20.0,"p5 what a drive, well done man. excellent work. yahoo! that was amazing, well done mate. well deserved, well done. great job.",21,2
clip_0752,Calm,0.9505,High Stress,0.7,Calm,0.5703,False,100.64,164.03,31.92,0.08463,0.04936,0.1957,20.0,"the deployments will improve once we're there. entry minus one. entry minus one. and slightly more management. exit 13. exit 13. signs in front might not have the overtake range. might be out of range. front's bareman and burstappen. bareman medium, burstappen, soft. all of these guys are starting to get a little bit more.",53,0
clip_1049,Calm,0.9393,High Stress,0.7,Calm,0.5636,False,132.67,184.98,45.3,0.05582,0.04326,0.2311,16.16,"on the back street. copy that, saku. and we are boxing, box, box, box. way bridge, way bridge. we'll be ignition off.",22,0
clip_0954,Calm,0.9152,Calm,0.65,Calm,0.8091,False,119.74,137.16,27.96,0.085,0.0523,0.147,20.0,"there is no action required in the new vehicle. okay mate, so where we are with cars. so h lkenberg in front did not stop 10 left-hold cars. you've got leclerc in front of him who did. and then limblad didn't stop on 10 left-hold cars. so we're currently p9. four cars in front did not stop. so we've got double yellow at turn two now.",61,0
clip_1292,Calm,0.4878,High Stress,0.7,Frustrated,0.2927,False,186.76,364.49,72.28,0.07642,0.06439,0.1512,25.856,"he's understeering to my side pod to create a home, you know, and it's a beautiful way of explaining, ah mate, you know, locked up, ah look at the onboard, well, it doesn't make sense. i'm here to fight, i'm here to win, i'm not just going to wave him by because he's max verzappen in a red bull. if you're on the inside at the apex of a corner, it's your corner, and if you try and hold it on the outside, you're taking the risk. he was saying that it was his corner because he had the apex.",100,1
clip_0137,Calm,0.9533,High Stress,0.7,Calm,0.572,False,129.33,150.81,47.5,0.08084,0.05761,0.1622,20.0,"i'm going to go back here. i'm going to be 3 per knots. 3 per knots and then i'm going to start it. if you push low, it takes a bit of luck. 3 per knots, now. left hand side 270.",37,0
clip_0019,Frustrated,0.3939,Calm,0.65,Calm,0.26,False,105.76,132.11,29.82,0.05884,0.03918,0.1831,20.0,"plus one, plus one on the black, we're gonna hold it in the box, plus one, reset, just gonna hold it in the box. and suck it for tires, so straight down, go switch that out. no pull, trouble turning, there's another behind. cross three opening, the last",50,0
clip_0973,High Stress,0.7469,Calm,0.65,High Stress,0.4481,False,122.95,130.17,37.23,0.08362,0.05465,0.1704,20.0,in front three tenths every lap peter i can't hear you on the bar street catching the cars in front three tenths every lap peter still quicker than both cars in front well how do you think this tyre would be if there was a safety car not good enough problem ok mate still catching peter,56,2
clip_0921,Calm,0.9366,Calm,0.65,Calm,0.822,False,111.64,116.75,30.01,0.08498,0.05235,0.1555,20.0,"the previous reference, but it seemed different. that lived into 11s, 50 meters, that was good. we want the same again please. fox, fox. so fox now watch for the way bridge lights on the way. and way bridge, way bridge, way bridge, we're good for time. okay mate, so coming up to the way bridge.",54,0
clip_0538,Calm,0.9384,High Stress,0.7,High Stress,0.5631,False,134.76,172.36,31.15,0.08772,0.04784,0.1452,20.0,"keep it up, the jars turn seven, we are going to open the lap. there are quite a few slow cars between you and sort of half opening 13 and 14, so we might get packed up a bit. the jars just in 10, jars in 10, 11, there's five cars still to go. about five seconds behind.",53,2
clip_0233,Calm,0.8264,Calm,0.65,Calm,0.7559,False,118.82,123.91,27.51,0.08277,0.05599,0.1872,20.0,"gap in front of russell, 10 seconds road push, target zero and box, charles box so, lewis p2, up3, lewis did 32, 8, 3, you do a 32, 9 trickers clear, botoletto, 14 seconds, next",26,0
clip_0662,Calm,0.8754,High Stress,0.7,Calm,0.5252,False,132.21,176.84,35.5,0.08788,0.04737,0.1689,20.0,"yes, that's how old they are.",6,0
clip_0103,Calm,0.9242,Calm,0.65,Calm,0.8145,False,121.03,149.19,40.44,0.08569,0.05121,0.1656,20.0,"a qprex, axe was flat at 7k. 10k, 7k. and the temp is at 0. i think it's around 60ms. level 4, please. no, it's about flat. that was good. focus on these front tires.",29,0
clip_0694,High Stress,0.3976,High Stress,0.7,Frustrated,0.28,False,129.37,460.43,92.92,0.08179,0.05243,0.1721,20.0,"oh, man. it's a good one. i'm ready. what the fuck? my god! can we have a wide open throttle to turn? we'll take a little bit. just to set the speed.",32,1
clip_0129,Calm,0.4998,Calm,0.65,Frustrated,0.5599,False,124.33,57.33,11.06,0.0765,0.06366,0.1401,3.328,"i'll bite and notice that was on hard, but he's not in the plane.",14,1
clip_1015,Frustrated,0.6959,High Stress,0.7,Frustrated,0.4176,False,141.84,407.25,98.38,0.05099,0.0688,0.1709,20.0,"what are we fighting on this? on to game. no dude, what the f ? okay, i don't know.",18,1
clip_0328,Calm,0.8094,Calm,0.65,Calm,0.7456,False,103.86,117.47,34.62,0.08839,0.04629,0.1762,20.0,"and box end of this lap, i'll say about valving out in two seconds, one and a half, it's clear behind 21 seconds to lawson on a lap um i'd like to box and flap and go again, that's a super half of the thing",44,0
clip_0118,Calm,0.8108,Calm,0.65,Calm,0.7465,False,94.94,101.32,18.94,0.08862,0.04605,0.1523,20.0,"5,000, we put the truck for the hour, please, 4 cars ok just alex was 348, that's a good lap, strong lap, the 315 3 cars, that can be 2, 2 cars, that can be 2",28,0
clip_0758,Calm,0.9357,Calm,0.65,Calm,0.8214,False,95.51,70.09,15.52,0.0898,0.04359,0.1797,20.0,i can call for a mode race and then whenever we are restarting you will press and hold the energy button from turn 14 all the way to 16 and then 16 all the way to turn 1 so just keep energy pressed and held. what's up here to maintain temperature? make up for info everyone that started on hard stayed out.,58,0
clip_0288,Calm,0.2898,High Stress,0.7,High Stress,0.28,False,169.42,1944.66,270.28,0.08112,0.05111,0.2068,20.0,"nice work everyone. fuck me that was awesome. great work. incredible work. yeah well done, i'll take the job. well, is esteban? yeah, esteban was the under the profiteer so he was out of points but he was looking good for points.",42,2
clip_0531,Calm,0.7488,High Stress,0.7,Calm,0.4493,False,112.67,165.0,42.58,0.0559,0.04414,0.1579,10.816,"thank you, we are boxed as well. pilt, you should be",11,0
clip_1082,Calm,0.8798,High Stress,0.7,High Stress,0.5279,False,130.01,151.8,27.17,0.08425,0.05369,0.2218,20.0,"used so colapinto, con, limblatt, holkeberg and alonso. the 4-info track is clear now in sector 3 and sector 3. the straw's car is fully recovered for info. safety car in the slab.",30,2
clip_1026,Frustrated,0.304,Calm,0.65,Calm,0.26,False,87.89,166.33,31.43,0.03523,0.04531,0.1861,20.0,"you stand your count. oh, they were racing. oh, god, i'm gonna exit here.",15,0
clip_0798,Calm,0.6415,Calm,0.65,Calm,0.6449,False,93.14,75.41,15.44,0.07634,0.04454,0.175,20.0,"p9 just want p11s up to 4 cars through, good job fucking good job okay, i'll turn 11 and we have a downgraded upship. so suggest the shift of 3rd gear for me please yeah, you need more throttle to upshift with 3rd",37,0
clip_0441,Calm,0.8437,Calm,0.65,Calm,0.7662,False,100.97,129.08,25.51,0.08754,0.04811,0.1998,20.0,2 behind. george last time 37.1 with that overtake press. so 1. get back. 9. now check 1.0. 1.1 behind. get back.,16,0
clip_1260,High Stress,0.8649,High Stress,0.75,High Stress,0.8189,False,247.46,389.35,128.39,0.06763,0.0672,0.1519,24.288,"nice! paradise, like traffic paradise! what is this one? i'm stuck! this is what you get! what is honestly! my god! my god! my b ch! ow!",27,2
clip_0729,Calm,0.8438,High Stress,0.7,Calm,0.5063,False,98.24,161.11,33.71,0.08996,0.04326,0.1725,20.0,"he's also on an out lap. first car pushing is hatchar, 19 seconds behind. antonelli car in front could open now. trike news, less heart throttle, opening this lap. everything else was good. you can push.",35,0
clip_0708,High Stress,0.7007,High Stress,0.7,High Stress,0.7004,False,112.99,171.11,44.16,0.07224,0.0408,0.2148,20.0,"increase the lift off by around 50m, turn 14 and turn 1 easy on the brake pedal as well, those two corners 7, 37, 4 the same goes, it feels heavier and heavier stand by",29,2
clip_1140,Frustrated,0.4493,High Stress,0.75,High Stress,0.3,False,405.21,1889.75,529.72,0.0828,0.05524,0.2337,3.488,or review it'll be able to charge on the outlet. fine.,11,2
clip_1201,Calm,0.7996,Calm,0.65,Calm,0.7397,False,106.97,25.33,3.57,0.06456,0.0528,0.2083,3.072,thank you. this is the end of the beginning.,9,0
clip_0772,Calm,0.8456,Calm,0.65,Calm,0.7673,False,95.73,74.9,11.96,0.08591,0.05095,0.225,20.0,36.8 and for exit niko we would need low 36 low 36 you can go soft 6 okay good job niko we think a single press energy exit turn six is best for lap time single press exit turn six use the energy,39,0
clip_0341,Calm,0.9332,Calm,0.65,Calm,0.8199,False,92.71,95.82,15.85,0.08841,0.04634,0.191,20.0,"behind him, 7. just keep tabs where they are. autoletto at 7. 5, autoletto, 4. 3 seconds. 2 seconds. just be clear, it's sector 3.",18,0
clip_0272,Calm,0.8376,High Stress,0.7,Frustrated,0.5026,False,112.28,197.73,30.82,0.0857,0.05124,0.2017,20.0,good hamilton thirty six one hamilton thirty six three eight yeah i've got a lot of uh full flux yeah ties are gone take care three laps to go two laps to go,33,1
clip_0845,High Stress,0.65,Calm,0.65,High Stress,0.39,False,104.85,124.57,29.51,0.09068,0.04186,0.1822,20.0,"stop! mode raised, mode raised. also the long zone exit. mode sc, mode safety car, mode safety car. and reset mode d red, deg. we're not going past once so far. what's the hell was that bugger behind me? oh, where was it behind me?",45,2
clip_0886,High Stress,0.6419,Calm,0.65,High Stress,0.3851,False,106.62,47.41,7.88,0.07513,0.06337,0.1664,5.728,"sorry, please, quick one. so one minute 45 to go. we've got sm boards back.",14,2
clip_0115,Calm,0.8595,High Stress,0.7,Calm,0.5157,False,111.17,205.03,33.87,0.08646,0.04995,0.1527,20.0,"nice, bulkhorn, 9th of head is on the slow. forecast open ahead of you. bulkhorn, 9th of head, slow. off and behind. yeah, man, i'm gonna be a new with this slow race on the slow lap. 13, 5th of gun, push down the road. 5th of gun, boost. set the horn off.",49,0
clip_0079,Calm,0.9525,High Stress,0.7,Calm,0.5715,False,180.01,220.19,59.91,0.0684,0.04154,0.1318,20.0,"let's give it a feel up and go with the track ever. okay, good job we have other steering. track will be clear. remember, we open to the safety current and then we'll take a bit of free. track is clear. the condition is very good. auto at the 5.",49,0
clip_0998,Calm,0.9467,High Stress,0.7,High Stress,0.568,False,107.34,207.01,47.01,0.07452,0.06645,0.1798,20.0,"up to second place. mercedes 1-2. try to get through as efficiently as possible, max, but without over-stressing them in the areas that we would want to avoid, please.",27,2
clip_0480,High Stress,0.431,High Stress,0.75,High Stress,0.5586,False,259.11,2027.22,272.77,0.08492,0.05257,0.1522,20.0,"yes! yes man! what did it? what did it? what did it man? well hold on there mates, first race win. this is what you're going to remember forever though. so, pick up rubber where you can mate, pick up rubber where you can.",44,2
clip_1095,Calm,0.9436,Calm,0.65,Calm,0.8261,False,140.26,107.27,32.9,0.08897,0.04547,0.215,20.0,"you can use boost here to close the gap. you have overtake, you have overtake. i'll note everything on the main train. yes, the car is starting, it will give you more. it will give you more. pu9 position 6.",38,0
clip_0704,Calm,0.956,High Stress,0.7,Calm,0.5736,False,116.49,433.46,90.51,0.08503,0.05243,0.1598,20.0,and the dynamic in this target would be struner this to the end so look after it i'll try everybody probably in the south,24,0
clip_0183,Calm,0.8298,Calm,0.65,Calm,0.7579,False,99.55,138.3,24.32,0.08415,0.05364,0.165,20.0,"see what we have on the tank and if i agree to tire it just pops. work as a chance for a point, as a chance for a point. see what you're doing i'm breaking.",35,0
clip_1096,Calm,0.8909,Calm,0.65,Calm,0.7945,False,128.88,128.51,31.34,0.08691,0.04928,0.2087,20.0,"but not a good idea, we'll just we'll just mongrel it. b-ball 7. oh, well, we are. we got 30 laps remaining and alonso is running 39.7 and the bottas also 39.7.",27,0
clip_1311,High Stress,0.465,Calm,0.65,High Stress,0.279,False,154.77,67.19,17.71,0.0819,0.05587,0.1754,2.24,"no, please. how are you?",5,2
clip_0246,Calm,0.9204,Calm,0.65,Calm,0.8122,False,115.05,136.06,29.88,0.08713,0.04889,0.205,20.0,"5, 6, 7, 8. good warm-up on the brakes and you can carry more speed. turn the 8 in the time. jumping from norris 7. norris 7 in front of him. 10 seconds.",24,0
clip_0209,Calm,0.625,Calm,0.65,Calm,0.635,False,119.02,147.65,29.1,0.08494,0.0526,0.1457,20.0,"he has pushed an old 1 every lap, he's 1.5 here oh, coco, 1.3 1.9 sweet, coco, 5 seconds to push an old every lap he's in that corner yellow head, yellow head, anthony, 1-1, and win-win",30,0
clip_1122,Calm,0.4729,Calm,0.65,Calm,0.5437,False,112.45,100.36,27.76,0.07692,0.04817,0.2043,20.0,"overall i one stop middle-art. copy. part of my niche with the engine unfortunately. yeah, good job there and yeah, we'll polish this type of things and do some homework. yeah, for good job.",33,0
clip_0273,Calm,0.8233,Calm,0.65,Calm,0.754,False,104.97,106.21,35.95,0.066,0.04437,0.2049,20.0,last lap p4 mode slow pick up please so mercedes 25 seconds from lewis,12,0
clip_0721,Calm,0.9576,Calm,0.65,Calm,0.8346,False,95.1,41.65,5.6,0.08538,0.05153,0.1215,5.76,"yeah, once coming to have a look, i'll just make sure that we are able to touch the car while it's in the bus.",24,0
clip_0852,Calm,0.8645,Calm,0.65,Calm,0.7787,False,95.96,75.0,12.34,0.08808,0.04694,0.2127,20.0,"mode race, good job! p7 watch for debris along here, it's offline, it's offline so stay left. ok, ollie, 39 to go, time management is very good, the cars ahead still have to stop. call up the n2 on the s2 plan. ok, ollie.",40,0
clip_0390,Calm,0.9718,High Stress,0.7,Calm,0.5831,False,134.96,736.91,148.69,0.08564,0.05127,0.2004,20.0,presses the next lap. no p8 compresses at 0.9. at 1 second we're happy to use the buttons on the next lap. the clerk will have overtaken at 0.7.,25,0
clip_0406,Calm,0.9506,High Stress,0.7,Calm,0.5703,False,118.45,262.32,62.0,0.06261,0.05464,0.1835,19.872,just make sure you use the car before you hop out.,11,0
clip_0493,Calm,0.9056,Calm,0.65,Calm,0.8034,False,127.08,78.92,17.46,0.08141,0.05779,0.2647,10.144,"so it's a tail into turn six, a tail into 11, headwind into 14. it's five to 10 kph lower, so less wind in the morning, same direction.",25,0
clip_1277,High Stress,0.65,Calm,0.65,Frustrated,0.39,False,99.76,122.82,34.84,0.08252,0.05555,0.1764,5.256,where is palma? that's where palma has retired. palma!,9,1
clip_1200,Calm,0.5465,Calm,0.65,Calm,0.5879,False,129.99,116.43,24.63,0.06638,0.05779,0.2313,20.0,"i hope the beers are cold, i'm still thirsty sorry please repeat i hope the beers are cold, i'm still thirsty yeah you're thirsty mate, i'm sure we're gonna rain something great to get both cars across the line thank you buddy",43,0
clip_0930,Calm,0.9654,Calm,0.65,Calm,0.8392,False,107.01,115.7,23.32,0.08346,0.0548,0.1536,16.896,"okay mate, so only other point, we've got constant 15-8-6-3, as well there is performance there, so box now please. so we've got a couple of options as to what we do here for the next run. you can either do two runs, or just a single new run at the end.",51,0
clip_0033,Calm,0.8781,Calm,0.65,Calm,0.7869,False,127.86,143.82,31.02,0.05894,0.05807,0.1684,8.768,"the target is to stick to the plan, but just in case, that's available. i didn't hear the second part, what's available, what's the plan if things don't go well.",30,0
clip_0160,Calm,0.9215,Calm,0.65,Calm,0.8129,False,105.77,113.18,23.34,0.08539,0.05178,0.1618,20.0,copy. now i'm going to go to f-r-t-n-e-l-e and then i'll slow down 13. i'll just rest in the straight line and then i'll just go across the t-r-t-n-e-l-e. i'll go to f-r-t-n-e-l-e. i'll go to f-r-t-n-e-l-e.,32,0
clip_1071,Calm,0.864,High Stress,0.7,High Stress,0.5184,False,127.84,188.77,42.63,0.07665,0.06156,0.2196,20.0,"you see you are in strat 2, we want strat 3. i was in strat 3. now you are good, now you are good. lance is 4.3 ahead of you. red is latched. so valterie and lance are lapping 41.8.",35,2
clip_0633,Calm,0.7687,High Stress,0.7,Calm,0.4612,False,109.85,160.51,39.28,0.08965,0.04427,0.1639,20.0,"the bearman is opening a lap on the line now. three behind, two behind now. the truck is clear behind, you know. you can go easy on power. and turn it very slow around you there. you can go charge off.",41,0
clip_0201,Calm,0.8887,Calm,0.65,Calm,0.7932,False,107.2,138.39,26.4,0.08507,0.0524,0.1538,20.0,"you're using the drone for your quick break as it curves, highly as you can now, to make your feet fast. as it curves, good for the braking, okay? highly as you can now, to the end, level to go. okay, pull a bit of the left side. pull a bit of the left side.",55,0
clip_1239,High Stress,0.3438,High Stress,0.7,High Stress,0.4863,False,159.03,195.84,39.58,0.06828,0.04448,0.1814,35.0,"wow, now that's the kind of radio i live for. savage, painful and full of spice. just like what i'd say to you if i knew you weren't following the channel. and yeah, later alonso tried to play it down. heat at the moment, blah blah blah. but let's be honest, the damage was already done. and speaking of damage, let me introduce today's sponsor, carvertical. if everyone has taught us anything, it's that data matters. and when it comes to buying a used car, it really matters. carvertical is a service that lets you check a car's full history using the vin number. they gather and process data from over 900 global sources across more than 25 countries, in turn, are very complex.",122,2
clip_0424,Calm,0.8151,High Stress,0.7,High Stress,0.4891,False,101.3,152.07,29.18,0.08493,0.0465,0.1806,20.0,"his first lap, he's going to spin it again. lewis will be starting a lap at 7 seconds. got a double yellow exit over last corner. lewis at 4 seconds, lewis at 3.",30,2
clip_0021,Calm,0.8617,High Stress,0.7,High Stress,0.517,False,109.07,301.7,54.5,0.08525,0.05209,0.1917,20.0,"that's a plus two, man. that's a plus two, man. that's a plus two, man. that's a plus two, man. that's a plus two, man. that's a plus two, man. that's a plus two, man. that's a plus two, man. that's a plus two, man. that's a plus two, man.",50,2
clip_0625,Calm,0.9475,Calm,0.65,Calm,0.8285,False,117.12,86.26,25.41,0.08064,0.05899,0.1835,20.0,"happy to go one step more rotation with the flap? yeah, one step more. okay, liam, next flap we try to not wait on throttle exit of last corner on the outer scope. we have alonso on the main straight, now okay he's in front, you are here behind. you can go char-doc.",52,0
clip_1129,Calm,0.8862,Calm,0.65,Calm,0.7917,False,94.09,67.27,13.28,0.08297,0.05552,0.2464,20.0,"2 seconds back. let's go watch out for hamilton coming through now, and then the next car pushing will be gasly, but he's 10 seconds back. alright, how's the balance? we're boxing this lap. keep the platform up. copy. gasly's still the car pushing.",42,0
clip_0602,High Stress,0.899,High Stress,0.7,High Stress,0.8194,False,130.55,197.73,49.27,0.08188,0.04443,0.1826,20.0,"let's see a double yellow. overtake available, watch debris. and earlier full throttle out of 12. stay with him if you can. if you're doing well. overtake available. i have no power. fear keeping something.",34,2
clip_0519,Calm,0.8757,Calm,0.65,Calm,0.7854,False,95.74,87.48,19.89,0.08524,0.05202,0.1982,13.088,thanks for watching guys!,4,0
clip_0749,Calm,0.3136,Calm,0.65,Calm,0.4481,False,92.85,38.52,6.99,0.0769,0.06341,0.0909,5.056,"alonzo 18, earl 20, an album from the pitlane on heart.",9,0
clip_0399,Calm,0.9662,Calm,0.65,Calm,0.8397,False,110.47,123.1,29.88,0.08757,0.04809,0.1973,20.0,"looking good so far. give me 35.9 give me 35.9 this is blue flag traffic give me 35.3 i'm happy to lean on the tires more you can have 7 black at 7 don't know, just that",32,0
clip_0366,Calm,0.8201,Calm,0.65,Calm,0.7521,False,95.09,122.82,27.7,0.08624,0.05033,0.1727,20.0,"so, cumie has just done a 32-0, and we've been practicing. no bb. nice recovery mate, nice recovery. so, b2. yeah, i saw you started down up 10 off that new level.",29,0
clip_1126,Calm,0.5213,High Stress,0.7,Calm,0.3128,False,135.74,1922.48,239.2,0.06178,0.06474,0.2513,20.0,"alright, the position is good. we've got one minute until the grief. so we're happy to keep the engine running. 20 seconds. five seconds. green light. alright, so let's focus on",30,0
clip_1323,Calm,0.9436,High Stress,0.7,High Stress,0.5662,False,158.33,160.28,64.79,0.08324,0.05403,0.2177,2.816,"red flag, red flag, follow the guns",7,2
clip_1271,Calm,0.657,High Stress,0.75,Frustrated,0.3942,False,218.25,1887.44,272.87,0.05027,0.05924,0.187,34.936,"i'm happy you're in the green camp that's a joke helping the fight in the free practice you were on a flying lap and i couldn't get on the way yeah, go pick, but the free practice is the moment, so it's good how is the balance? i don't know! stop, stop, stop and the other william stroll is just leaving the pit lane now no more radio for the rest of the race or is the right rear not attached? the right rear wasn't attached",86,1
clip_0243,Calm,0.9316,Calm,0.65,Calm,0.819,False,114.47,120.48,29.74,0.08523,0.05214,0.1798,20.0,"you are currently p2. antonelli 32-3. yeah, i've got a bit of traffic. all's good luck. norris 4 understood. places to improve turn 2, half at 10. norris 3 pushing.",24,0
clip_0195,Calm,0.7823,Calm,0.65,Calm,0.7294,False,100.68,92.65,20.54,0.07959,0.05469,0.1671,20.0,"so last afterlist for 8 left for a good performance line the 60 you gonna flip rbi and get big if quick 38 euro that was negative, yeah, but still on the start period",32,0
clip_0946,Calm,0.9032,High Stress,0.7,High Stress,0.5419,False,127.56,174.19,41.59,0.07684,0.06375,0.154,20.0,i want the gap and any corner blue.,8,2
clip_0831,Calm,0.887,High Stress,0.75,Calm,0.5322,False,215.91,1920.71,425.51,0.08108,0.05835,0.2367,20.0,39 it's quite tight. it's lost like two times in the body shape. ross was a little finished her lap so more than likely two ten. he can pin it up. yeah we've seen that oli. yeah i saw. it was a good lap just. i just watched the bat thing.,50,0
clip_0534,Calm,0.8788,High Stress,0.7,Calm,0.5273,False,138.66,302.38,43.05,0.06767,0.04039,0.1791,5.952,i'm about to grab some of the markers. i can lock out more,13,0
clip_0026,Calm,0.964,High Stress,0.7,Calm,0.5784,False,253.28,327.85,101.04,0.05033,0.05102,0.1323,9.632,"after you switch off, wait 10 seconds and back to p2. ok, make sure you look after your gaps, it exists, or we need a hard laptop, but easy on power.",29,0
clip_0473,Calm,0.9549,High Stress,0.7,Calm,0.5729,False,157.13,987.34,188.26,0.08805,0.04708,0.1961,20.0,"i'll raise this for after the full pass. yeah, copy. hulko boat's on a relatively new medium tyre. just need to get it down to 1.2. hulko boat should have blue flags. hulko boat also has blue flags. there's a 30 second gap ahead of him.",44,0
clip_0578,Calm,0.5927,High Stress,0.7,Calm,0.3556,False,165.62,1423.14,249.71,0.08739,0.04826,0.2067,20.0,"in turn 16. oh i got overtake. yes, you have switch position yellow. ah, to keep up with his dice. fine, we understood. keep focus on dice please. i have no power.",31,0
clip_0175,High Stress,0.5041,Calm,0.65,Frustrated,0.3025,False,104.92,110.36,22.68,0.0866,0.04797,0.1779,20.0,"plan b will not work with those native tires. either they are a d or a r. it's not the tire to be on today, unfortunately. okay, we come back to 30. 30.",30,1
clip_0013,Calm,0.864,Calm,0.65,Calm,0.7784,False,97.74,134.79,25.61,0.08551,0.05161,0.2024,20.0,with mid six entry nine that mid six i'll track the home this is good out the box little bit of pushing behind,23,0
clip_0086,Calm,0.8757,High Stress,0.7,Calm,0.5254,False,122.25,261.56,74.19,0.08017,0.05566,0.1948,19.68,thanks for watching guys!,4,0
clip_1147,Calm,0.9111,High Stress,0.7,Calm,0.5466,False,126.62,263.84,73.51,0.05421,0.05228,0.2138,20.0,"okay, so once in the pit lane, let's stop in the box we might have to drive around checker. so just look for the mechanics",25,0
clip_0101,Calm,0.7191,Calm,0.65,Calm,0.6915,False,103.39,104.93,20.95,0.08771,0.04755,0.1676,20.0,"so, i need a bit of pull up and maybe the different teeth for the one. first one. just do half, i'll let you do the teeth. okay, first one. i will need this for the big one. it was okay, it died. 90.",43,0
clip_1009,Calm,0.4601,High Stress,0.7,High Stress,0.28,False,145.4,180.66,50.64,0.07651,0.06423,0.1502,20.0,into the braking zone.,4,2
clip_1104,High Stress,0.6942,High Stress,0.7,High Stress,0.4165,False,188.17,851.83,171.32,0.08966,0.04391,0.2117,20.0,"ready slush? yeah, but i will do the same with speed at the proper speed. blue button is slushed. the surge overtake helps you everywhere but in corner 1. so if we go a vertosefty car or a safety car, how would be the restarting? vertosefty car, sorry. yeah, for virtual you can",52,2
clip_0497,Calm,0.8415,Calm,0.65,Calm,0.7649,False,125.46,137.5,36.59,0.09,0.04336,0.1818,20.0,"build up good speed up to turn six. you can use energy out of six, use energy for more speed. okay, let's build up good speed up to 11, good break into 11, and then push through 12, 13. good break here. okay, let's",40,0
clip_0847,Calm,0.4013,Calm,0.65,Calm,0.5008,False,111.56,119.59,37.11,0.08712,0.04878,0.2081,20.0,"how can i go in? oh, we'll catch you to the back it's twice past what about d1? i don't need to respect the delta anymore, right? get standby get d plus, get d plus",34,0
clip_0047,Calm,0.8172,High Stress,0.7,High Stress,0.4903,False,136.05,183.71,58.93,0.08711,0.0489,0.1304,20.0,"2 high rpm, albon pushing 1 coming now, albon pushing behind now. watch for albon. you can keep up the pace, foxbox, but end up. next car pushing is 8 behinds. foxbox.",29,2
clip_0349,High Stress,0.5538,Calm,0.65,High Stress,0.3323,False,127.99,141.05,45.2,0.07006,0.04962,0.1765,14.24,captain the head is 3 repeat got no 3 seconds ahead whoa! something don't know what's happened almost no pattery,18,2
clip_0549,Calm,0.9154,High Stress,0.7,High Stress,0.5492,False,129.31,261.84,68.0,0.0821,0.04611,0.1692,19.968,"it's a muscle in 7, muscle in 9, and no one else to talk about. and confirming we boxed the fact. 136.",19,2
clip_1055,Frustrated,0.669,Calm,0.65,Frustrated,0.4014,False,146.38,74.34,12.14,0.09515,0.02873,0.2368,2.624,"it says i want to start the dinner, i think it's fucked up.",13,1
clip_0876,Calm,0.6495,High Stress,0.7,High Stress,0.3897,False,167.8,166.93,48.87,0.08349,0.05489,0.2075,20.0,"but good work, great work in fact. that was an incredible race, incredible work. the car was a beast today, as it has been all weekend. yeah, well done ali. 30 is there, excellent work. you too, you too. and before i forget, this one is dedicated to my mom.",49,2
clip_0974,Calm,0.9327,Calm,0.65,Calm,0.8196,False,111.07,60.05,19.67,0.08456,0.05323,0.1695,20.0,"and keep focused. so lawton had your behinder within our safety carbonate window. let's keep building the gap. 310s quicker than the cars in front, a second quicker than the cars behind. no driven losses to the cars in front. main gain on for staffordness turns 7 and 8. 15 laps to go.",49,0
clip_0942,Calm,0.8757,High Stress,0.7,Calm,0.5254,False,124.72,266.13,75.54,0.08006,0.05567,0.1947,19.68,thanks for watching guys!,4,0
clip_0361,High Stress,0.65,Calm,0.65,High Stress,0.39,False,109.65,107.06,22.83,0.06649,0.05967,0.1616,12.928,i've got nothing they're shipping you phil i can't actually so i've tried to fire up i've got neutral now but what have i so,25,2
clip_0154,Calm,0.9354,Calm,0.65,Calm,0.8212,False,110.15,139.86,29.01,0.08558,0.05131,0.1649,20.0,"ok, and you can see that you are taking the s21 for a second time, so you are free to push with double yellow turn 2 and a button to press 2 seconds on your target, there is a partial off the button and you are free to push now, you are free to push double yellow turn 2",55,0
clip_0917,Calm,0.8765,Calm,0.65,Calm,0.7859,False,102.23,91.09,19.58,0.08553,0.05162,0.1629,20.0,"ocon is 13 seconds behind on a push lap so looking good here. strong weaving to 14, no cars waiting in front, no threats behind. that's good, so strat-term part-crockle, you're good to go. let's go for that lift into 11 this time please, 20 meters.",40,0
clip_0951,Calm,0.9245,Calm,0.65,Calm,0.8147,False,133.63,139.55,32.81,0.07321,0.05036,0.1737,20.0,"and we'll go draft one, draft one, stop onto hard tire, clear behind, clear behind. so we're following the delta please, so just stay positive on that. our delta boost, no boost. all this time, detentures, bms.",37,0
clip_0673,Calm,0.8824,High Stress,0.7,High Stress,0.5294,False,134.17,158.06,43.52,0.08884,0.04563,0.19,20.0,if you can. the stop in front of you will be slow. repeat liam. shape 2. liam is behind reporting same issues with the front.,24,2
clip_0320,High Stress,0.65,High Stress,0.7,Frustrated,0.39,False,121.15,180.11,55.76,0.09108,0.04105,0.1527,20.0,please okay max let's retire the car please retire the car do you think that i need to press? no,20,1
clip_0092,Calm,0.783,Calm,0.65,Calm,0.7298,False,123.34,134.02,32.82,0.0332,0.02925,0.15,20.0,"2, 1, all the tank contents please the fhc2 cap we are controlling the second action cut down the stack second this is the end of the second this is the end of the second all the tank is moving",37,0
clip_0744,Calm,0.9229,Calm,0.65,Calm,0.8137,False,134.83,93.23,25.29,0.06942,0.05377,0.1825,3.84,copy. the medical you put the defensi 9 on here and 6 mid.,11,0
clip_1270,High Stress,0.6273,High Stress,0.7,High Stress,0.6564,False,196.17,341.24,53.39,0.06426,0.05371,0.1683,34.848,"we are in the race because of you guys. contact with your teammates, never a good thing. have you spoken to him at all? no, not really. i don't need him. he's one more race and then he's over finally. alonso making his way through. ocon is on a push up and needs it. and a blue alpine just clatters into the side of it. extraordinary stuff. so unusual. you okay? idiot, fernando. you okay? yeah. okay man. he was shaking even because he was so excited. you're happy now. happy, nothing else.",93,2
clip_0156,Calm,0.8565,Calm,0.65,Calm,0.7739,False,96.02,93.79,18.82,0.0853,0.05204,0.1661,20.0,"complete squint 45 to go 7 hours at the level you can push to catch. copy. repeat at this one lap, yes.",20,0
clip_0113,Calm,0.7288,Calm,0.65,Calm,0.6973,False,133.03,149.04,45.09,0.07979,0.05053,0.1462,20.0,"feel the gap, feel the guys first up and head, i'll let you know they cannot first up and 7, 6, 5, 4, 3, now there's the high-speed, i have no power 1, ok there we can exit, it's power ok yeah, how is it? packing",40,0
clip_0657,Calm,0.7732,High Stress,0.7,Calm,0.4639,False,149.6,160.16,43.8,0.0876,0.04767,0.2017,20.0,"try the line turn 2 i'm gonna lose all the time here multi b7 position 3 guys we are reviewing yeah 2k i'm just gonna lose time i think we got a box to push out you can push liam, push push box, box, liam, box copy box",46,0
clip_0756,Calm,0.5821,Calm,0.65,Calm,0.6093,False,102.3,141.96,36.53,0.08458,0.04206,0.1741,20.0,"yeah, you are their cars and they're closing so i think our opportunity is gone. so for info, polipinto, ocon and lin vlad also stayed out. polipinto and ocon are in p2 and p3. and then lin's vlad is 2 in front of you and p6 we are p8. all the cars around you",49,0
clip_1232,Frustrated,0.9141,High Stress,0.75,Frustrated,0.5484,False,856.05,1939.12,771.78,0.08436,0.05348,0.2673,15.552,"tell me if you need it somewhere. yes, i don't know. i'm the cause and i can't pass. what the fuck did i do this? what a fucking idiot!",29,1
clip_0210,Calm,0.8392,Calm,0.65,Calm,0.7635,False,105.79,87.97,22.83,0.08717,0.04884,0.1597,20.0,"i'm going to push up philips philips, philips, philips philips philips the result is not the result is 1.3 philips let's see, but it could be clever thing to try to get over the technical",34,0
clip_0900,Calm,0.8917,Calm,0.65,Calm,0.795,False,124.13,58.16,12.55,0.07365,0.06645,0.163,5.056,"about half a second to him, point p6, p10 at the moment, berman 34.",11,0
clip_0446,Calm,0.7856,High Stress,0.7,High Stress,0.4713,False,107.79,169.03,36.43,0.08798,0.04707,0.172,20.0,"so, car behind me stayed out. conflict, so, or car behind me, george. just leave back on pace, that mixed me forward, so it was looking good there, kimmy. yeah, i mean, i was back for it a bit. just to shave the tyre. yeah, copy.",46,2
clip_0593,Frustrated,0.7435,Calm,0.65,Frustrated,0.4461,False,131.05,140.77,35.93,0.07501,0.04163,0.1754,20.0,"why? get up behind. okay, where?",6,1
clip_0919,Calm,0.4004,Calm,0.65,Frustrated,0.5003,False,120.02,122.82,35.3,0.07743,0.05424,0.1516,20.0,"drogma's looking good up to that point, still p8 with that one so yeah, that's not gonna be good enough. not good enough. yeah, alright. well, we'll work on it, yeah. so, have a think about balance first off, but you can control. how was it? do you need some more flap? oh no. oh, i lost the round there. done.",61,1
clip_1173,Calm,0.9613,Calm,0.65,Calm,0.8368,False,102.6,81.76,14.95,0.08274,0.05601,0.2085,20.0,down that back straight. and then you will have boost available on the restart. so in the reminder we're going to need mode race before the restart to keep an eye on your sock. and it's an la lead in the field now. let's make sure we're in mode race. right along to the car head at point four.,59,0
clip_1278,Frustrated,0.5829,High Stress,0.75,Frustrated,0.3497,False,266.28,937.44,120.25,0.06603,0.04365,0.1709,35.0,"red is his f ing guy, blight! for f ing break, man! what the f ? he's nearly a second clear, 0.9 up after two sectors, max verstappen box, box, box, box, box, box i cannot believe that he pulled out of what could have been the pole lap! what the f ? what the f ? the f are you guys saying? unbelievable, mate. i don't get it, what the f is this about? you've got a problem, change your f ing car! yeah, yeah, yeah, these tyres are already vibrating like a fast-bodied for 300 metres. we'll monitor those.",96,1
clip_0605,Calm,0.8628,High Stress,0.7,Calm,0.5177,False,119.92,155.49,37.22,0.08995,0.04311,0.1746,20.0,keep the gap if you can 1.3 you are doing very good job and we are quick and then charles everywhere you are opening the gap good job we have three lap car ahead good job on charles,37,0
clip_0750,Calm,0.8549,Calm,0.65,Calm,0.773,False,104.84,128.22,31.71,0.08892,0.04546,0.1933,20.0,"and that was target minus one, target minus one. and multi-function, blood position 10, multi-function, blood position 10. and we will go for four burnouts, four burnouts. and the last car is on the grid now. car in front of us is votos, behind is stroll. and special 3d",44,0
clip_0476,Calm,0.954,Calm,0.65,Calm,0.8324,False,112.88,135.5,31.57,0.07817,0.05212,0.1889,20.0,"gap at 8.7. if you get a slight of tires more than 12-13, just to get surface-temp balance, you're going to win them. red magic at turn 14. have 5.5 available. you want to slide the front a bit more. george at 36.1. as with blue flags, that bit of gap at 9.1.",46,0
clip_0516,Calm,0.8785,Calm,0.65,Calm,0.7871,False,129.07,104.79,25.75,0.08743,0.04831,0.2047,19.968,definitely on the lifting coast we need 30 meters more both places so a much more lifting coast because we're missing energy so get that harvesting done with big lifting coasts 6 and 11 let's try and get those last couple gear sinks okay so lynn black gas least still to go,49,0
clip_1206,Frustrated,0.8213,High Stress,0.7,Frustrated,0.4928,False,154.79,431.34,121.95,0.08931,0.04485,0.158,35.0,"4 and yourself 31.86 come on! stupid! stupid! it was a good recover from the fb3 and all the issues yeah but not good enough not good enough not good enough for me on my side not speaking about the car, the car was good i should have not been so aggressive tomorrow it's a race i am stupid i am stupid i'm a huge operator i'm stupid what the hell is that? ah, no!",72,1
clip_1159,Calm,0.9177,Calm,0.65,Calm,0.8106,False,95.34,49.42,10.49,0.03352,0.03816,0.1647,16.288,"the back temp has come down a couple degrees since we've been here and there's no major change to the wind. three minutes to go. two minutes to go. so final reminder, one singe is fired up, the plane is being on k2.",42,0
clip_0870,Calm,0.9211,High Stress,0.7,High Stress,0.5527,False,100.47,163.4,25.95,0.08788,0.04748,0.2016,20.0,"3.8. gap to gazzie is 3 seconds, good job. no more time management required. gap is stable at 3 seconds, he only took a 10-30, you lost gap to gazzie. gap to gazzie.",29,2
clip_1050,Calm,0.5778,Calm,0.65,Calm,0.6067,False,124.77,70.67,18.22,0.0523,0.04613,0.1873,8.096,"i cannot turn the car. yeah, it's going now. what do you think of flap?",16,0
clip_0844,Calm,0.9139,Calm,0.65,Calm,0.8083,False,90.62,66.16,13.02,0.08436,0.04474,0.1912,20.0,"yeah, creating reduced on all cars and especially the hard, as the ones who are looking quite good. copy. box, box. box. box should be racing cars on exit. hold it, hit lane. motorized.",34,0
clip_1216,Calm,0.6197,Calm,0.65,Calm,0.6318,False,84.34,63.58,19.44,0.06768,0.04457,0.1195,10.984,"i don't think i've pleased you. yeah, yeah, it's fucking good.",11,0
clip_1350,High Stress,0.5769,High Stress,0.7,High Stress,0.6262,False,172.23,152.54,39.56,0.0833,0.05513,0.1662,15.36,"and they still nearly hit me there. medium and tech florence on half, lap in 16, very close to each other fighting. whispernboglardar, guy. can this man wake up good enough? give me a good bloodlustardar. you're not answering the question, are you? that doesn't really matter, yes.",47,2
clip_0950,High Stress,0.8,Calm,0.65,High Stress,0.48,False,132.62,134.01,32.77,0.07987,0.05245,0.1519,20.0,"car and vsc windows open, safety car and vsc windows open, box, box, box, box. right, we're going half a turn down onto the hard tyre. happy with that? box, box, pick confirm, please. box, box, pick confirm. box, box, pick confirm. box, box, box, box. ok, mate. hard tyre, half a turn down. keep in line, we balance, mate.",60,2
clip_1243,Frustrated,0.4207,High Stress,0.75,High Stress,0.3,False,349.76,1974.16,438.47,0.08664,0.04255,0.1766,35.0,"or the moment when he just completely stopped caring about whatever they were telling him. my absolute favourite, hungry28. by then he was so fed up with the team that he just didn't give a damn about anything he just roasted his engineer left and right.",45,2
clip_1179,Calm,0.9174,High Stress,0.7,Calm,0.5505,False,106.85,211.93,25.25,0.06826,0.04908,0.213,20.0,"of derating, the gap is now 1.9 behind. good mate, you're doing a good job. for info, safety car window is open. alright, with the deployment, check was last last, that was a 40.5 alonzo behind him, doing 39.7. 30 laps remaining, 3-0, 30 laps.",39,0
clip_0813,High Stress,0.65,High Stress,0.7,High Stress,0.39,False,154.33,1936.22,318.17,0.06291,0.04061,0.1904,19.968,"five of boxing now this box is lost in three, lost in two someone on the half, box box yes the van has the wear bridge, will be ok we're good on timing we're in about four minutes in the garage and ollie, if you're happy with",47,2
clip_0626,Calm,0.9588,High Stress,0.7,Calm,0.5753,False,118.1,175.83,34.99,0.09049,0.0421,0.1864,20.0,"get some weaving in the back straight, position is very good. again, push last corner and you can go throttle as soon as you can, no need to wait. carjohn and irpm reminder, no one pushing behind. this is currently p6 liam.",41,0
clip_0937,High Stress,0.951,High Stress,0.7,High Stress,0.5706,False,111.0,150.81,31.91,0.06823,0.05065,0.1628,20.0,holy russell we've got the two red bulls finishing laps right now. i'll let you know where they are they just negative on the delta please on the way around just jar just behind us the staff and just behind us only russell,43,2
clip_1025,Calm,0.5825,High Stress,0.7,Calm,0.3495,False,133.97,248.58,68.53,0.07503,0.06566,0.1722,20.0,"george russell's moving ahead. it's a mercedes one to a boost available early press look will have overtake yeah, but 8.2 you're the fastest metal track george 36 to hello peter has pitted he's been",33,0
clip_1109,High Stress,0.5438,Calm,0.65,High Stress,0.3263,False,121.61,119.64,24.75,0.09147,0.04014,0.2009,20.0,"blue flags for russell. even in position there's a big gap behind him. that's good, he's gonna take valtteri. and valtteri has got the blue flags for russell as well now. and we will both have overtake now. sorry.",40,2
clip_0619,Calm,0.9619,Calm,0.65,Calm,0.8371,False,136.54,86.06,22.92,0.07572,0.06422,0.163,2.272,we are three minutes to green.,6,0
clip_1347,High Stress,0.8647,Frustrated,0.6,High Stress,0.5188,False,459.74,1968.01,470.83,0.04687,0.04166,0.1861,34.968,i came back to you after that last time 30.8 i will not just tell you for i don't want you i'm not a team worker so i'm gonna say this one with you bro what the heck you tripping bro you tripping in china i go out of the way when you're on the different shoulders i understood we swapped the cars this saturday have a tea break while you're at it oh my god what the fuck,79,2
clip_0048,Calm,0.9336,High Stress,0.7,Calm,0.5602,False,134.12,181.73,54.98,0.08791,0.04739,0.1712,20.0,"i'm today with 4th looking from 6th nothing around it same for the other car what was the flap of it? flaps okay, i'm happy to leave it like this copy box, box i'm in turn pushing 4th box, box i'm in turn pushing 4.5th box, box watch for",45,0
clip_0372,Calm,0.9247,Calm,0.65,Calm,0.8148,False,106.06,108.2,27.1,0.04792,0.04461,0.175,20.0,2 minutes 75 seconds fire up 1 minute 45 seconds 5.5 25 seconds 15 seconds we do normal pull away,13,0
clip_1252,Frustrated,0.817,High Stress,0.75,Frustrated,0.4902,False,207.34,368.56,91.79,0.09089,0.04167,0.1692,35.0,"roast in his own team, and proven once again just how clueless they were. disrespectful towards his own team, too honest, call it whatever you want. that's how he ended up getting his first f1 win. once again leaving ferrari looking silly. because sure, one thing is disrespect in your own team, however you want to labour them. but going against your own teammate, yeah, it doesn't get much worse than that. awkward doesn't even begin to cover it. and that's exactly what we got with vettel and weber at red bull. turkey twi-",92,1
clip_0081,Calm,0.8958,High Stress,0.7,Calm,0.5375,False,112.38,193.91,51.93,0.08601,0.05038,0.1556,20.0,"after that, we start off, put the one, put the second, put the third, put the third in the head, and we are set to be on. listen, it's very good. off, set zero, and we're leaving second half of the train, to put up in the last corner, but keep the pace of the corner.",56,0
clip_0105,Calm,0.8955,High Stress,0.7,High Stress,0.5373,False,129.75,207.48,46.38,0.08721,0.04869,0.1549,20.0,"probably, alpha 10 to 10, exit at 13. camber 4, exit at 26, focus on driving, camber 3. and 11 seconds here, camber pushing 2. and 1, then camber, go 1000, sink, closer pushing 5.",24,2
clip_0232,Calm,0.7004,Calm,0.65,Calm,0.6803,False,117.71,120.03,32.6,0.07819,0.0452,0.1895,20.0,6.6 ahead russell 10 hamilton 5 behind same wind and track temp update me of gaffin russell russell 11.9 and gaffin holt of russell,20,0
clip_0012,Calm,0.5063,Calm,0.65,Calm,0.5638,False,110.58,76.93,23.57,0.07359,0.04924,0.1776,20.0,"just coming up on the flat there's less than a couple of tools gonna come up on one and a half hey what steady on the way out level four fleet, level four fleet go switch to out, go switch to out that's just a cheap",47,0
clip_0311,Calm,0.7559,Calm,0.65,Calm,0.7135,False,92.39,44.21,19.11,0.09182,0.03856,0.1833,5.632,a bit of damage in the race there so did a good job to get on the back end just in quite having up today.,25,0
clip_0853,Calm,0.8774,Calm,0.65,Calm,0.7864,False,101.45,144.46,22.63,0.09246,0.03777,0.2068,20.0,"how's the balance, can we help anywhere? ok, ollie, this one has been told not to attack. good job, ollie, mode race, mode race. ok, p6, good job. ok, ollie, p5, p5.",29,0
clip_0468,Calm,0.8242,High Stress,0.7,Calm,0.4945,False,145.8,505.02,114.61,0.08698,0.04916,0.1923,20.0,on tires. so maybe debris where you are now. george 358. george entry turn 16. also mid-speed turn 8. george 361.,16,0
clip_0369,Calm,0.8897,Calm,0.65,Calm,0.7938,False,108.79,121.74,31.31,0.05986,0.05716,0.1415,19.872,"yeah. and five minutes to formation lap. and time for, as you know, two mclaren mclartens are starting from the pit lane there back in the garage, both cars. and then, people around you are on new medium tyre. the first car on soft tyre is p8 for stapin.",48,0
clip_0350,Calm,0.8603,Calm,0.65,Calm,0.7762,False,110.39,8.14,2.04,0.06146,0.04922,0.1746,5.088,"okay, so we will restart the engine, got lewis on the exit.",12,0
clip_0037,Calm,0.7184,High Stress,0.7,High Stress,0.431,False,148.3,199.85,60.08,0.08338,0.05345,0.1539,20.0,"weaving everywhere, happy weaving up to 26. every point changes, but easier power. i have no budget for pera. understood, i keep your postage. porto leto ten red, possibly be developed. b1 is all five. charge off, keep up the weaving.",39,2
clip_0894,Calm,0.9034,Calm,0.65,Calm,0.802,False,107.39,124.77,28.21,0.08311,0.05311,0.1631,20.0,"we're leaving down to 14. back to 1.5. one second. big gap behind it. two cars are going front. just hamilton's going front now. six seconds. so, heart throttle. look for the red lights. strat 2 when you're ready.",36,0
clip_0436,Calm,0.9426,High Stress,0.7,Calm,0.5655,False,122.3,215.48,47.03,0.05125,0.03835,0.178,20.0,"yes, just the bolero issue then on the grid. so yeah, all good. just for information, both mclaren's are now off the grid. so yeah, nice to make it, but the miastry's been removed, so those two cars starting pit lane. so energy looks good. good on energy, so happy for me, the boy. very fun. confirming fine.",58,0
clip_0999,High Stress,0.3673,High Stress,0.7,High Stress,0.5004,False,113.92,215.0,58.89,0.05306,0.0514,0.1296,20.0,"off the road goes lance troll, the aston martin coming to a halt in the first",16,2
clip_0627,Calm,0.9081,High Stress,0.7,Calm,0.5449,False,119.18,174.75,40.5,0.0908,0.04158,0.1539,20.0,i will go for double cooldown game. keep the weaving in the two cooldowns for the front tires. first car pushing is ocon 9 behind. arvid wider apex turn 2 is finding some lap time in 123.,34,0
clip_0821,Calm,0.8274,Calm,0.65,Calm,0.7565,False,96.61,109.45,15.03,0.0897,0.04397,0.1699,20.0,just do your out lap so 70 kph through here since on the move 220 turn 7 ok it's cleared 100 kph in turn 9 350 end of strip 411 all clear behind 80 kph in turn 11,29,0
clip_0000,Calm,0.8277,Calm,0.65,Calm,0.7566,False,102.89,12.49,2.9,0.078,0.06149,0.1477,2.368,"okay, we'll switch off the pit line for a half minute.",11,0
clip_0466,Calm,0.6719,High Stress,0.7,Calm,0.4031,False,122.63,285.47,50.81,0.08226,0.053,0.195,20.0,"1.2 we're at the fastest map on track george 36.2 it's george half a tenth, braking turn 11 also heading for traffic it was same lap time for george last lap the entire aspect looks clean on both cars",36,0
clip_0479,Frustrated,0.3478,High Stress,0.7,High Stress,0.28,False,121.44,211.78,47.43,0.08716,0.04873,0.2029,20.0,four seconds behind so can we just be careful of the curbs now a little bit of vibration on that tyre 2 left remaining gap 7.6 we just need to bring it home one more lap yes kimmy! come on my son!,40,2
clip_0155,Calm,0.8236,High Stress,0.7,Frustrated,0.4941,False,120.43,154.59,38.97,0.07809,0.05358,0.1658,20.0,"i'm working on the tires, the virtue of the arms started has been reported on raining. repeat please. the recording is very low, i keep saying it. copy. i will just be louder, on set point. it's been reported on starter who are raining.",44,1
clip_0757,Calm,0.7342,Calm,0.65,Calm,0.7005,False,90.78,61.56,8.05,0.08805,0.04698,0.1671,20.0,"are on hard. the ones behind are gasly, berman and alonso. alonso on used hard and gasly and berman on new hard. ferrari in front is leclerc, he's on new hard. and nico just to run through the operations on safety car restart. when safety car is being put on",50,0
clip_0952,Calm,0.939,High Stress,0.7,Calm,0.5634,False,127.92,153.17,35.31,0.08265,0.05602,0.1545,20.0,"yeah, understood, you're all good mate, no rule for right. so what we're doing now mate, we're staying in strap 1, we're going to charge the pack to back up and we're going to add warm up where possible. what are these blue lights? blue lights on the ducts? i'm sure on that one, for now no action required, you're all good.",61,0
clip_0725,Calm,0.4839,Calm,0.65,High Stress,0.5504,False,94.12,81.37,10.77,0.08851,0.04632,0.1951,20.0,"yes, i see the same. and box, niko box. first car on track is scroll. we close switch scroll on to exit. and next is alonso, 10 seconds opening now. the car in front is lin the blad. he's on an out lap. not sure what he's doing.",47,2
clip_1244,Frustrated,0.5348,High Stress,0.75,Frustrated,0.3209,False,223.76,1431.77,280.19,0.08518,0.05235,0.1705,35.0,"seriously, if you were an engineer or a mechanic, how do you even go to bed that night after that? i mean, okay, at least with drivers, in the heat of the moment they can lose their temper and say things they shouldn't. but what if the one insulting you is a team principal? and obviously, for this to happen you have to be none other than nikita mazupin. at the 2021 spanish gp, he got absolutely cooked by none other than toto wolff, like this.",85,1
clip_1067,High Stress,0.3357,Calm,0.65,Frustrated,0.26,False,128.76,60.18,20.13,0.07582,0.06411,0.1445,2.272,"yeah, it's gonna be okay, but no, they bought",10,1
clip_0235,Calm,0.8823,Calm,0.65,Calm,0.7894,False,113.78,107.55,29.08,0.04828,0.03669,0.201,20.0,"about charles box it's made to minus one for the next one it's made to minus one one, two, three, four, five, six, seven yes three, six seconds ahead no one in front of him yes three",37,0
clip_0793,Calm,0.9091,Calm,0.65,Calm,0.8054,False,93.65,52.45,7.9,0.08329,0.05499,0.1769,20.0,"170 in turn 13, gazzley 7 behind, there's a big gap behind him if we need it. harder 280 in the straight, gazzley 6 behind, gazzley 5 still on 3.5 ahead. he kept the gap in turn 14.",30,0
clip_0610,Calm,0.9509,High Stress,0.7,High Stress,0.5705,False,127.16,191.72,42.3,0.07032,0.03738,0.1937,20.0,"time! gap behind, 3.2, 3.2 you are doing well, exit 16 to improve. early entry 16, 2.8 behind. rest is fine. early braking in 6, suggest. in 3 seconds, take up behind.",25,2
clip_0167,Calm,0.6787,High Stress,0.7,Calm,0.4072,False,112.85,189.86,36.36,0.08405,0.05377,0.1674,20.0,"and we're going to turn 6 close on field over tech road up to far, up to close on point 9, at our point 6 so group ahead, we collect group 5, we're on the old arm this last after study 8.5",37,0
clip_0171,Calm,0.858,High Stress,0.7,Calm,0.5148,False,112.61,151.64,36.64,0.0904,0.04255,0.1677,20.0,"good race, team. that's fine, that's fine. for the end, you have a gap to 4th at 7th, so again try to see if you want to go on stages 3 at the backers. let me know what is our best opportunity for points or panagina just wanted 35",45,0
clip_0771,High Stress,0.459,Calm,0.65,High Stress,0.2754,False,94.7,69.24,7.68,0.08651,0.04993,0.2074,20.0,i'm doing plus three on the front wing plus three we can close the switches to help there you go sorry about that 20 laps to go 20 laps to go entry eight and mid five entry eight mid five we think 36 eight is required and v10 is still in the cards,49,2
clip_0528,Calm,0.9189,Calm,0.65,Calm,0.8113,False,134.32,105.11,26.06,0.0884,0.04657,0.1442,20.0,"polepinto the car ahead of you is on a cool down lap. i'll try and look out what he's doing. albon is 10-8. that's albon turn 9. albon turn 11. not clear what polepinto will do. albon is in turn 13. after him, car time.",41,0
clip_0895,Calm,0.5195,Calm,0.65,High Stress,0.5717,False,98.0,90.16,24.63,0.06895,0.04188,0.1653,20.0,"to go. be cautious of lock-ups frank has had two so far. 1 and 1. all the time so far, p2, nice one. fastest 34, 5, a staffer on a p medium.",26,2
clip_1263,Frustrated,0.5913,High Stress,0.75,Frustrated,0.3548,False,327.98,1279.23,288.03,0.06153,0.07011,0.1866,35.0,"what is stupid action? i'm going home for you. cliffs. ah, cliffs. steering wheel. cliffs are steering wheel, yeah. hey. hey. steering wheel. somebody tell him to give it to me. come on! boom! no! that box, that box.",39,1
clip_0279,Calm,0.8587,High Stress,0.7,High Stress,0.5152,False,105.99,154.59,38.91,0.0871,0.04359,0.161,20.0,"and congratulations to the club of the mercedes grand prix winners. there isn't many. now you're part of it. what a mega race. really, really happy. thank you thomas. take care everyone. it's a channel by pitches. that's 50 . thank you.",40,2
clip_0275,Calm,0.8757,Calm,0.65,Calm,0.7854,False,95.09,87.11,20.44,0.08564,0.05127,0.2122,9.568,thanks for watching guys!,4,0
clip_0874,Frustrated,0.7141,High Stress,0.7,Frustrated,0.4284,False,138.82,609.26,86.81,0.08648,0.05,0.1989,20.0,"yeah, esteban was the underteam, the profiteer, so he was out of points, but he was looking good for points finish as well. ah, sorry man, shame. i just saw him come past, i thought he was a seventh. good job, great job everyone, that was incredible. fuck, how was that?",51,1
clip_0157,Calm,0.9255,High Stress,0.7,Calm,0.5553,False,106.84,289.93,41.01,0.08357,0.05475,0.1597,20.0,"we are on the road, all the hard-tired, straight on their arms. currently, we have an unpaid entry along the position ahead of you and we prepare to make a new target for 6 and we are racing the b2 car. we think we are on the line 244.",45,0
clip_0539,Calm,0.8575,High Stress,0.7,High Stress,0.5145,False,139.68,283.82,54.27,0.08763,0.04781,0.1484,20.0,"the car who's in 13 is bistappen. the car will come up quick. then 5 seconds to bistappen. there's only one car ahead to go now. bistappen is approaching 14. and we'll box this up, keep the revs up.",36,2
clip_1081,Calm,0.8815,High Stress,0.7,High Stress,0.5289,False,176.67,924.97,174.82,0.08852,0.04616,0.1995,20.0,here so nurse your tires now you can discard your delta and catch up car ahead is bought the seven seconds ahead of you just nurse your front left so the entire field is now on hard tires cool up into no con still on,45,2
clip_0282,Calm,0.6615,Calm,0.65,Calm,0.6569,False,107.78,118.53,41.38,0.08815,0.03831,0.1714,20.0,"was happy to race over. yeah. yeah. copy that. so we just need some load for the u10. well done luis. sorry the race, credit us but as we",28,0
clip_0846,Calm,0.8163,Calm,0.65,Calm,0.7498,False,102.82,117.47,30.8,0.0885,0.04601,0.1993,20.0,"the audi. coffee. and what about the rp and the red bull? are they behind me? yeah, they have come back out on hearts. behind or in front? behind.",29,0
clip_1298,Frustrated,0.4525,High Stress,0.7,Frustrated,0.28,False,220.97,430.78,105.14,0.05254,0.04307,0.1066,34.528,to. well i want to. okay do what you need to do. what the f is that? okay unlucky mate is under investigation. yes f ing s . that is not racing. that is not racing. the exciting all the race along isn't it when they've got full fuel loads. when they go to silverstone sprint race and a spa feature let's go and hear. not allowed to try and restart the car if the marshals push you.,77,1
clip_0419,Calm,0.7842,Calm,0.65,Calm,0.7305,False,89.42,116.41,20.92,0.08617,0.0505,0.2017,20.0,"we bought a leto at 7 seconds. in terms of sectors, it's 700s, sector 1. you are up to 7000s in the middle and it's 3.5 tenths final sector. we bought a leto car behind at 2 seconds. then it was behind us on a slow lap, so we intiped like",45,0
clip_0302,Frustrated,0.8077,Calm,0.65,Calm,0.4846,False,92.04,107.29,26.54,0.09224,0.03827,0.1393,20.0,what? loot tough in the dirtier. loot there until end of last day. that's terrible. especially with the front side.,20,0
clip_0768,Calm,0.7161,Calm,0.65,Calm,0.6897,False,98.51,148.25,22.76,0.07788,0.05187,0.181,20.0,"what's up debris, offline drivers left in turn 3? well, they're in the s-border. no power. please. okay, captain niko. so, ocon and palakintso got tangled in turn 3, both of them spun and lost a lot of time. we are plenty clear of them now.",43,0
clip_0929,Calm,0.8907,Calm,0.65,Calm,0.7944,False,119.71,139.48,39.65,0.08087,0.05862,0.1586,20.0,"14 still the handbrake there is anything you can do to help me a lot yeah we'll have a look at that one stay negative on the delta please everyone's taking the flags behind good jump, g3 again, so yeah, 3 in p6 at the moment",42,0
clip_0800,Calm,0.3804,Calm,0.65,Calm,0.4882,False,97.06,46.03,14.65,0.08825,0.04638,0.1837,8.256,for the wave bridge and compared to 4 to that it will lose a bit 9 and 16,15,0
clip_1107,Calm,0.8052,High Stress,0.75,Calm,0.4831,False,204.13,948.0,238.18,0.0883,0.04664,0.2019,20.0,"and don't lose time with hockenberg, he just pleaded, it's not our race. and for him for antonelli is 3.4 behind you, he's the race leader. thank you for the energy, i feel it on the streets. and we got blue flags for antonelli.",43,0
clip_0469,High Stress,0.3797,Calm,0.65,Calm,0.26,False,116.76,134.24,33.14,0.08365,0.05461,0.2168,20.0,"7.6 and bane lost to george, actually bib, final corner 110 and 20 laps remaining. now february show turns 7.8 turn 7.8 february turn 7.8 the george was a 35.9 last lap",25,0
clip_0936,Calm,0.934,High Stress,0.7,High Stress,0.5604,False,190.56,1933.08,342.75,0.08357,0.05453,0.185,20.0,"our throttle, strat 2, and good to go. remember lift into 11, 30 meters. last lap, let's push. strat 14, please. strat 14, and stay just negative on the delta. keep the six at the moment, just rustle to set a time.",37,2
clip_0364,Calm,0.738,High Stress,0.7,Calm,0.4428,False,137.08,275.12,56.74,0.08658,0.04973,0.1723,20.0,"will my note appear from my quickest lap before? it's the quickest lap of this session so far. 225. the flirt at 5 seconds. good lap time, well, give me. give me was a 32.3.",32,0
clip_0142,Calm,0.9252,Calm,0.65,Calm,0.8151,False,103.77,121.72,20.95,0.08515,0.05218,0.1902,20.0,"you still have over tech, we are behind you as well.",11,0
clip_0747,Calm,0.824,Calm,0.65,Calm,0.7544,False,102.58,41.77,12.67,0.09022,0.04222,0.1133,4.032,"the two cars behind you, colopinto and ocon are on par.",11,0
clip_0225,Calm,0.5168,Calm,0.65,High Stress,0.5701,False,125.97,138.33,38.92,0.08914,0.04496,0.1736,20.0,"i'll zone out side we're happy we at least to get a lap then we can decide what to do okay so if you want my opinion, then i will follow what you say, but i will do another lap with this drum i'll come back to you",48,2
clip_0138,Calm,0.9204,Calm,0.65,Calm,0.8123,False,127.22,127.68,34.07,0.07027,0.05442,0.1592,20.0,from the last drop we like to flush two planes on the start two more cars before we proceed here and that's the minutes we can start on the grid now go ahead,33,0
clip_0274,Calm,0.6099,Calm,0.65,Calm,0.6259,False,118.22,264.22,60.25,0.04764,0.04432,0.1828,20.0,and we come into the pit lane into the pit lane and easier when you stop,16,0
clip_0283,Calm,0.7481,High Stress,0.7,High Stress,0.4489,False,108.44,157.15,45.3,0.08793,0.04716,0.2225,20.0,thank you. and mode slow please. fantastic job. fantastic job guys. really well done.,14,2
clip_0976,Calm,0.8373,High Stress,0.7,Calm,0.5024,False,134.18,199.26,51.99,0.08186,0.05726,0.1641,20.0,"ok. top right looks good. 12 laps to go, gap 2 seconds. an important for rastappen. yeah, we think safety car window open for a soft tyre. 11 to go, what do you think? it's an 11 laps after this one. 11 laps after this one, yeah. yes.",42,0
clip_0147,Calm,0.9153,Calm,0.65,Calm,0.8092,False,104.33,146.92,22.03,0.08582,0.05096,0.1731,20.0,"sir. purple button on. purple button on. what's up, i need complexion 1. closing time 848. go. no. total middle turn 1. okay, perfect closing time. total middle turn 1.",26,0
clip_0145,Calm,0.9085,High Stress,0.7,Frustrated,0.5451,False,100.1,189.81,21.38,0.08835,0.04649,0.1692,20.0,"10, ask for much, we need water yeah, i know that, we take it we do not have over-tech, we perfect all the greening is getting bad now turn right, management we should be meeting one, meeting one, we could present our service",41,1
clip_0710,High Stress,0.6778,High Stress,0.7,High Stress,0.4067,False,128.77,153.03,42.44,0.09033,0.04254,0.2124,20.0,"no, it's the sector one second, but it's predominantly those three corners gazzley 371 my tires are too, i just can't really do so i've made lost to a car head and car behind, it's actually breaking",36,2
clip_0165,Calm,0.9145,Calm,0.65,Calm,0.8087,False,103.01,94.72,17.78,0.08721,0.04846,0.1618,20.0,"he's 3, that's 40 on your right. he's not out of attack, he's likely going to get him back. hello, please. low zone without attack. i dropped on 70 on you. low zone without attack.",32,0
clip_0938,Calm,0.817,High Stress,0.7,Calm,0.4902,False,117.85,200.34,43.7,0.08436,0.05327,0.1845,20.0,"tell about russell, different race. very good job. the p7, at the time they forced us, all of that, just made a cleaner race, so very good job. did the lap. yes, mike, welcome. i'm well managed as well.",38,0
clip_1187,Calm,0.91,Calm,0.65,Calm,0.806,False,105.64,57.4,13.91,0.0739,0.04972,0.2276,20.0,is 1.7 behind. gap to check behind 1.4. he's got blue flags for antonelli. we have blue flags for antonelli. check out is right behind antonelli. gap to check out 0.8. behind check out is russell 2.4.,33,0
clip_1231,Frustrated,0.7305,High Stress,0.75,Frustrated,0.4383,False,746.78,569.64,161.43,0.09599,0.02617,0.2975,3.168,why can't you be damn good at it too?,9,1
clip_0760,Calm,0.9072,Calm,0.65,Calm,0.8043,False,90.63,52.55,6.8,0.0876,0.04796,0.1918,20.0,we will select mode race after turn 10. mode race. and remind there will be a present hold energy from turn 14 all the way to turn 1. safety car is in turn 14. the leader is in turn 14. safety car is in the pit. the car behind is bearman. we're going to have the drivability out of,54,0
clip_0902,Calm,0.4696,Calm,0.65,Frustrated,0.5418,False,111.8,77.06,12.53,0.08547,0.05134,0.1535,5.44,the sprint for the virtual mirror is not working on the car. i don't have visibility on that a then i slide.,22,1
clip_0009,Calm,0.8993,Calm,0.65,Calm,0.7996,False,106.39,138.36,43.82,0.08575,0.05096,0.1868,20.0,i don't know if it's tires but it's what events are just there? i think we have a good choice here 11.,21,0
clip_0553,High Stress,0.6387,Calm,0.65,High Stress,0.3832,False,116.92,135.57,37.61,0.08861,0.04609,0.1921,20.0,and feedback for flaps for new software car feels on this tire with a little bit of mystery it feels good the car just has snapped 60 on the braking copy i would go for the standard compensation,37,2
clip_0675,Calm,0.9088,Calm,0.65,Calm,0.8053,False,131.51,133.82,44.71,0.08715,0.0487,0.193,20.0,"good place. copy that, i will indicate what the policy was. all ok. on the line will be five laps remaining. careful braking turn 14, not a fast construction. on the line two more laps. last lap. copy. check it clearly and",40,0
clip_0925,Calm,0.9133,Calm,0.65,Calm,0.808,False,105.04,85.09,23.26,0.08484,0.05041,0.159,20.0,"hulkenberg fixed second. okay so key here is good drive through the last couple of corners, strong weaving down to 14. clear tracking for us. so only car to watch, hulkenberg 3.5, 3 second. 2.5. heart throttle, strap 2, good to go.",37,0
clip_1029,Calm,0.7903,High Stress,0.7,Calm,0.4742,False,107.72,191.35,56.08,0.06955,0.07155,0.1655,20.0,i am supposed to be on your side max and try to give you some help and some information nothing further me that's it have no power give me something i come out of last corner. i've got no power on the class,43,0
clip_0714,High Stress,0.65,High Stress,0.7,High Stress,0.39,False,168.64,422.8,114.28,0.08877,0.04585,0.1699,20.0,"no, i'm not affecting his pace. talk eight and seven are available if you'd like to. okay, max, let's retire the car, please. retire the car. right, you think that i need to press?",34,2
clip_0124,Calm,0.8757,High Stress,0.7,Calm,0.5254,False,140.73,460.88,116.63,0.07846,0.05534,0.1969,19.872,thanks for watching guys!,4,0
clip_1116,Calm,0.9417,Calm,0.65,Calm,0.825,False,120.76,132.84,30.17,0.08256,0.05619,0.209,20.0,we are happy to save less in the front left seven laps to go blue flags for gasly and let him go so the car behind you is now on,30,0
clip_1212,High Stress,0.2991,High Stress,0.7,Frustrated,0.4594,False,160.29,655.95,104.32,0.07697,0.04362,0.1541,35.0,"oh, so the claire's gone out and the claire has gone into the barriers of the penultimate turn! no! the folks ah, no, come on charles. i'm sorry, i'm sorry. yeah, these are the people who are going to be the first to leave the house. these guys are first staying completely in the middle.",55,1
clip_0848,Frustrated,0.3911,High Stress,0.7,High Stress,0.28,False,114.26,162.91,43.28,0.09184,0.03933,0.1957,20.0,"maximum suck. i still have my dumpster though on my screen. just tell me i don't need to follow it. sorry, i'll only repeat. do i need to follow this dumpster or not? it's on my screen. no, negative, negative. thank you.",42,2
clip_0484,Calm,0.7757,High Stress,0.7,Calm,0.4654,False,98.51,171.75,39.07,0.08775,0.04725,0.1531,20.0,"pedal, just pull that back straight. so you're going to go to the grid, please mate. so just pull off onto the grid, the board has got the big number one on it. go to the grid. ah, thanks john, thank you.",42,0
clip_0797,Frustrated,0.6121,High Stress,0.7,Frustrated,0.3673,False,112.89,181.56,43.06,0.0898,0.04365,0.1681,20.0,"it's just min-speed. signs have a look in the lock. yeah, i i there's a pencil there, i don't want to fuck this lock. mode in, mode in. let's check the flag.",31,1
clip_1010,Calm,0.8559,Calm,0.65,Calm,0.7736,False,91.87,80.28,12.39,0.0434,0.04689,0.1902,20.0,the cars ahead still have to stop call it an estaban.,11,0
clip_0456,Calm,0.8666,High Stress,0.7,High Stress,0.52,False,122.48,175.76,44.72,0.08859,0.04605,0.1906,20.0,"straight so stay online. gap at 1.0, gap at 1.0, we are below threshold turn 8. are you happy with the 1 out front? gap at 1.1, you are below threshold turn 8 on limit turn 1.",30,2
clip_1045,Calm,0.582,High Stress,0.7,Calm,0.3492,False,191.88,673.77,160.21,0.08937,0.04445,0.2147,20.0,and stroll now on the main straight watch out for stroll he's closing his lap first car pushing is piastri now 3 behind you piastri 2 behind you let him go just work the tires,33,0
clip_0483,Calm,0.9347,Calm,0.65,Calm,0.8208,False,108.89,149.54,38.33,0.08879,0.04566,0.1645,20.0,"thank you. victory. thank you, toto. and congratulations to the club of the mercedes grand prix winners. there isn't many, now you're part of it. what a mega race, really, really happy. thank you, thomas. thank you, everyone.",38,0
clip_0811,Calm,0.6927,Calm,0.65,Calm,0.6756,False,93.29,78.44,14.49,0.08677,0.0495,0.1922,20.0,"it will affect 14, it's behind, it's now in, it's currently p6, 33-2 so you might have noticed up and he's p5, norris just behind, i've raised him down that time. very nice lap, ollie. second quickest car.",34,0
clip_0754,High Stress,0.8,Calm,0.65,Calm,0.48,False,89.7,54.87,10.65,0.07833,0.04195,0.1868,20.0,and safety car safety car mode sc mode sc a lot of people boxing but we are staying out we are staying out and if we box now we think we would only lose to alonso we could potentially cheat a fresh heart how are the tires,47,0
clip_0292,Calm,0.8689,High Stress,0.7,High Stress,0.5213,False,106.13,184.03,51.6,0.08496,0.0388,0.1839,20.0,"the main bomb. it's mother's day today. happy mother's day, man. that'll suit all of the mums out there. thank you for what you do. i might be checking for",30,2
clip_0728,Calm,0.7423,Calm,0.65,Calm,0.7054,False,95.97,141.49,24.57,0.09069,0.04191,0.1794,20.0,"yeah, antonelli's behind, he's on an out lap and no one pushing at the moment. we also still see the issue with the rear tire display in this set. the car is behind now, our gabi in sync and then russell is right behind him.",45,0
clip_0996,Calm,0.914,High Stress,0.7,Calm,0.5484,False,112.28,333.05,75.51,0.0601,0.06004,0.1636,20.0,"yeah. 80 one if you can. yeah. 25.5 ahead and behind george. 25 behind the clear. kimmy antonelli back to the lead. so look, look, we'll have overtake ahead.",26,0
clip_0043,Calm,0.6594,High Stress,0.7,Calm,0.3956,False,131.99,203.9,62.41,0.08529,0.05205,0.1566,20.0,"okay, man lost was turn 60, 10th to up x speed. it could be negative or the dash. yeah, i didn't hear that, can you repeat? losing 210 to turn 60. man lost. it's 80 to speed exit from circuit.",35,0
clip_0449,Calm,0.9367,Calm,0.65,Calm,0.822,False,100.46,100.18,27.47,0.08807,0.04715,0.1844,20.0,now the turn three. recovery vehicle on track turn two. hvp 12 position four. 12 position four. you can drop back to five car lengths. get on the safety car. the maximum is ten. and to three ports on the first tire set we have.,43,0
clip_0841,Calm,0.7254,Calm,0.65,Calm,0.6953,False,98.57,71.66,11.96,0.08812,0.04692,0.1971,20.0,"job. the staffing is tired starting to grain. we see some light front grain on your front left on board. just eb5, eb5. okay ollie you can see max ahead struggling, estimac five ahead please, p7.",33,0
clip_0289,High Stress,0.3271,High Stress,0.7,Frustrated,0.28,False,127.84,150.81,40.73,0.08721,0.04871,0.2153,20.0,"i just saw him come past, i thought he was a seventh. good job, great job everyone, that was incredible. fuck, how was that? i was pushing flat out that whole fucking race. jesus. yeah, well done, very well managed, early.",41,1
clip_0787,Calm,0.9346,Calm,0.65,Calm,0.8207,False,93.77,75.72,14.46,0.08569,0.04812,0.1719,20.0,"as i head in behind i'll open up. more key. mode in, mode in. not far up, currently p6. no effect from behind. i'll take time in sector 1 mostly and feature in 1. breaking.",32,0
clip_1337,Frustrated,0.5437,Calm,0.65,High Stress,0.3262,False,204.21,147.51,33.88,0.07886,0.06089,0.1346,3.456,i have the seat full of water. like full of water.,11,2
clip_0598,Calm,0.7467,High Stress,0.7,Calm,0.448,False,187.96,1413.04,268.68,0.08834,0.04661,0.191,20.0,early entry turn 7 for tyres and watch for front locking interface and you have overtake i'm just down on power on the top i'm just a little bit understeer i'm just a little bit understeer think about your tyres,39,0
clip_1230,Frustrated,0.3658,High Stress,0.7,High Stress,0.28,False,441.1,1941.37,290.07,0.0687,0.04785,0.1496,22.144,"okay, copy that. this is unacceptable. this is unbelievable. unbelievable. unbelievable. unacceptable. what the f are we doing here? we want people to do anything to f this thing. what a stupid action. i'm going home. we need to know if you need a phone.",45,2
clip_1170,Calm,0.9266,Calm,0.65,Calm,0.816,False,99.08,73.99,17.29,0.08083,0.05872,0.2288,20.0,"alright, let's stay as close to zero as a delta as we can. check out in the box. alright, so double yellow where you are. alright, so when we get going again, we're going to have to just think about that front left. that's going to be the key for us to stay off the graining.",56,0
clip_1021,Calm,0.685,High Stress,0.7,High Stress,0.411,False,144.27,291.98,77.61,0.07211,0.06592,0.1615,20.0,and now george russell gets through past hamilton so he's invited his time and he gets to the podium,19,2
clip_0230,Calm,0.939,Calm,0.65,Calm,0.8234,False,115.54,112.26,30.43,0.08543,0.05181,0.1975,20.0,and p1 and box charles box. we're happy with this lap. and watch the time on your dash as i go up. main place is to improve turn 2 and turn 6 at 10th each. and box charles box.,35,0
clip_0927,Frustrated,0.7087,Calm,0.65,Frustrated,0.4252,False,112.8,112.26,24.65,0.08517,0.05225,0.1531,19.424,"a lot going on, i got to do better and turn 11 with the list off. we were 4 pack 8th, 8th at 13th there, that actually was okay. sorry you didn't see the double yellow flag that nearly got us at the end of the lap as well. alright. yeah, could be worse. okay mate, so pace up please.",55,1
clip_0150,Calm,0.7499,Calm,0.65,Calm,0.7099,False,108.51,143.23,32.28,0.08882,0.04578,0.1652,20.0,"yellow flag can too. then she's full stop, then 3. that's a 1.9 behind. sector car, sector car, so you go sc, go sc, work your front tires, front tires please. yeah, i don't know what was the reason for that, it stopped when everyone in",44,0
clip_1235,Frustrated,0.5513,High Stress,0.7,High Stress,0.3308,False,172.33,381.27,69.31,0.08581,0.05132,0.1865,35.0,"sent him into rage mode. so it's not that bad, right? well, just wait until you see what happens later in japan, because leclerc completely let it all out. and honestly, during this time in f1, magnuson was definitely one of their drivers who caused the most chaos, and picked up the most, let's say, little gifts over the radio. magnuson was one of those drivers who could be insanely fast when he won it. but he always came out with that kamikaze side, which, let's be honest, made the races way more",92,2
clip_0684,Calm,0.8339,High Stress,0.7,Calm,0.5004,False,110.47,196.1,43.15,0.08714,0.04883,0.1906,20.0,watch the throttle application to the left let's go i'm not a crackler i'm just making progress finish the left slow button and pox is left slow button and pox is left you got astrid behind,36,0
clip_1022,Calm,0.6566,High Stress,0.7,High Stress,0.3939,False,124.12,177.56,53.82,0.0651,0.0757,0.1414,20.0,"okay, we have gas coming now, watch out. okay, we're good. hold us three behind. alright, bring two lanes, i'll be rest. bam, they're just mopping all the reds.",29,2
clip_0871,Calm,0.9148,Calm,0.65,Calm,0.8089,False,95.96,73.8,14.09,0.08923,0.04496,0.2016,20.0,"2.8, good job. p cars are going long on 14, so careful braking on 14. 3 to go, gap 2.4. gap 2.5, good job. 2.3, good to go. that's 2.4.",22,0
clip_0910,Calm,0.937,Calm,0.65,Calm,0.8222,False,96.07,101.32,26.7,0.08763,0.04766,0.1556,20.0,"then taking a gap. so part throttle, strap 2. exactly as you've been doing. 20m lift into 11 this time and you're good to go. last lap. strap 1 and box, that's the checkered plug. boxing now staying negative on the delta please.",39,0
clip_0934,Calm,0.8464,High Stress,0.7,High Stress,0.5078,False,105.33,158.44,32.17,0.05568,0.04338,0.1795,20.0,"i'm going to think about half a turn up from the air again for the okay, 3, 2, 1, let's go. so, gentle traction and straight mode to turn 6, please. gentle traction out at 3 and straight mode to turn 6. sm to turn 6.",39,2
clip_0518,High Stress,0.65,High Stress,0.7,Frustrated,0.39,False,136.25,260.02,63.13,0.08177,0.0573,0.1775,20.0,"so this is shit. i'm sure i've been in my fucking life. box now, lance, box now. pull around, pull around.",21,1
clip_1092,Calm,0.644,Calm,0.65,Calm,0.6464,False,115.82,104.87,25.67,0.07804,0.05043,0.2395,20.0,"and we are happy with your time management. we see brake knockoff increasing to 8, just caution there. up to potas is 1.4, 1.4. how is the balance? yeah, it's fine.",28,0
clip_0920,Calm,0.9287,Calm,0.65,Calm,0.8172,False,93.3,100.56,18.43,0.08762,0.04801,0.1586,20.0,with that more pushy outlap i think we'll be looking to do the same again ok so staying negative on the delta ok mate so the deployment strategy we've got that lap i think we can expect the same again nothing wrong with it doing what it's supposed to do alright,51,0
clip_0134,Calm,0.5541,High Stress,0.7,High Stress,0.3325,False,120.62,163.86,24.47,0.07248,0.05268,0.1592,20.0,"10, 9, 8, 7, 6, 5, 4, 3, 2, 1 okay, you go, go, go, go some other tires i'm gonna show you a cap you go, i'll change the tires",22,2
clip_0474,Calm,0.9237,Calm,0.65,Calm,0.8142,False,124.23,142.69,40.02,0.08415,0.05377,0.2044,20.0,"so be the free air after it. george 35, 6 free air, gap 7.1. george 35, 5 gap 7.3. just have it with slow car on the straight. slow car on the straight. that can be if you need more power in turn 7. it's turn 7.",39,0
clip_0597,High Stress,0.461,High Stress,0.7,High Stress,0.28,False,111.74,158.44,38.17,0.08329,0.04848,0.2033,20.0,hey my apex still down let's see turn 16 apex speed turn 3 apex speed turn 16 you have overtake? you have overtake?,20,2
clip_1217,Calm,0.3633,High Stress,0.75,High Stress,0.3,False,356.1,1232.68,248.2,0.08301,0.05573,0.1713,35.0,"i wasn't very too fast, i could see everything, so i took a telegram, took a few minutes, what else do you want me to see? i was aware i told some yellow flag, so i could see it, and also down the straight, it's not my problem if i have a tis, i cannot lift that, it's just a person. understood, the penalty would not be changed. keep breath, stay focused, i don't want any arm waving or anything, okay? move out, move out. make a way on the way.",92,2
clip_0878,Calm,0.7001,Calm,0.65,Calm,0.68,False,115.15,124.05,40.32,0.06632,0.04125,0.2112,20.0,"i was like, i must have had a job on sight. yeah, so that's the rest of the game, welcome. good work everybody. and nice first very podium for how was it? that's cool. when you gotta get there?",40,0
clip_1167,Calm,0.7978,Calm,0.65,Calm,0.7387,False,99.77,52.14,15.38,0.08081,0.05877,0.2312,20.0,9 seconds he's got graining his last lap 2 tenths quicker than you all right so alonzo behind does not have overtake i know you're doing a good job alonzo last lap 3 tenths slower okay safety car safety car so mode safety car mode,42,0
clip_0422,Calm,0.9206,High Stress,0.7,Calm,0.5524,False,132.66,150.44,35.8,0.08634,0.05011,0.1849,20.0,norris is still at 8 seconds. norris at 7. norris at 6. hulkerberg 6 ahead. make sure we've got a good gap to hulkerberg. norris at 4 behind. make sure you push him 7-8. no pressure behind.,31,0
clip_0624,Calm,0.9788,High Stress,0.7,Calm,0.5873,False,122.57,155.87,36.16,0.06941,0.04322,0.1581,19.968,let's go 3.5 box box let the two box box watch the bridge i've no virtual barista you are it was important. yeah the same for other people about it. i'm happy to,32,0
clip_0338,Calm,0.6071,Calm,0.65,Calm,0.6243,False,92.8,63.07,9.46,0.08465,0.05307,0.1732,20.0,match of a lot of norris and now fiverhead and then the quarter half and then the quarter half and then the quarter half and then the quarter half and then the quarter half and then the quarter half and then the quarter half and then the quarter half and then the quarter half and then the quarter half and then the quarter half and then the quarter half and then the quarter half,74,0
clip_0269,High Stress,0.738,High Stress,0.7,Frustrated,0.4428,False,123.89,239.14,43.04,0.07937,0.04878,0.1991,20.0,too late next lap already i don't understand you speak louder no overtake 14 laps to go 14 laps brake shape minus 1,20,1
clip_0585,Calm,0.8917,Calm,0.65,Calm,0.795,False,113.32,118.06,31.38,0.08107,0.04711,0.1791,20.0,lift i was doing yeah it was alright there would be a recovery vehicle in turn 2 and it's double yellow there in turn 2. give me any updates you can just on the driving. i will. was any other cars having grainy?,41,0
clip_1210,Frustrated,0.818,High Stress,0.75,High Stress,0.4908,False,241.39,630.35,115.0,0.08969,0.0441,0.1673,35.0,"so that is a great effort to take the step forward when it matters. what about the world champion though clinging on to track limits through turn 19? can max estab and fight his way to the front row? can he fight his way to pole position? he can! by five thousands of a second! so first up in that time 34.71 for f sake! for f sake! for stappen's time is deleted for track limits at turn 19. we said he was hanging on to it! for stappen will fall down to fifth! okay, in playback. now that time is deleted for",100,2
clip_0248,Calm,0.8374,Calm,0.65,Calm,0.7624,False,119.63,122.82,31.78,0.08398,0.05413,0.1726,20.0,mode slow and target zero currently p3 so antonel leave you on hamilton p2 up3 russell still pushing so hamilton 32 for one you did a 32 for,23,0
clip_1355,Frustrated,0.7384,High Stress,0.7,Frustrated,0.443,False,150.78,1930.38,179.42,0.06267,0.05064,0.2071,35.0,yeah right right here man shi- it's uh there is no issue between us stop the cap! stop the cap! stop the cap!,22,1
clip_0329,Calm,0.8601,Calm,0.65,Calm,0.7761,False,104.9,97.24,26.08,0.07304,0.04328,0.1833,20.0,"copy, we will wish to use this tire again in the next session. we've got another new tire, haven't we? yeah, hey, phil. how much would you like to add? we've got more than 15. quite great. so, we'll box, box, stop.",41,0
clip_0126,Calm,0.6788,Calm,0.65,Calm,0.6673,False,130.74,115.37,28.58,0.0795,0.06029,0.1075,7.168,around you a majority of other starter so we give you only the medium starter medium starter behind you both aspirates,21,0
clip_0414,High Stress,0.7708,Calm,0.65,Calm,0.4625,False,100.69,138.68,33.19,0.08293,0.04653,0.1821,20.0,"science is a fast car again but unsure. he's still seven seconds away though so no pressure. he's at five seconds. the hulkbird is behind on a slow lap. it'll be into pit lane. so, on white light.",38,0
clip_0173,Calm,0.8024,Calm,0.65,Calm,0.7414,False,107.54,139.19,29.77,0.07907,0.04594,0.1826,20.0,"stay to 3 now. stay to 2. it's too much for the tyre. even for plan b equation? yep. okay. try plan a. 30, 3, 2, go.",22,0
clip_0875,Frustrated,0.651,High Stress,0.7,Frustrated,0.3906,False,176.87,287.88,62.19,0.08482,0.05266,0.2209,20.0,"i was pushing flat out that whole fucking race jesus yeah, well don't very well manage early i can job when you told me stop managing tires, i wanted to kill you first i'll be i wasn't managing since",39,1
clip_0215,Calm,0.6372,Calm,0.65,Calm,0.6423,False,120.61,121.74,41.31,0.08448,0.05327,0.144,20.0,"more 13 now please. really very good job. more 13, that's a strong race, strong race, a lot of learning. go race, go race please. more 13. more 13, please. more 13.3 please.",28,0
clip_1314,Calm,0.9529,Calm,0.65,Calm,0.8317,False,118.48,82.58,20.26,0.05329,0.03606,0.1847,2.784,i've got no information on it just here. i'll get you first.,12,0
clip_0132,Calm,0.9639,Calm,0.65,Calm,0.8383,False,133.21,60.34,17.92,0.07779,0.06229,0.1163,4.736,"just with this majority of us that are around you, that promote a bit more.",15,0
clip_0911,Calm,0.9593,Calm,0.65,Calm,0.8356,False,110.88,135.59,30.43,0.07935,0.05175,0.1626,19.808,"so the moment that's p10, so it's on site. so everyone behind is taking flags of no risk of traffic, staying negative on the delta. quite a lot of cars use three sets there. so both william, lothan, sainz, troll along to the all-penetrate 3, franco as well. who is out?",48,0
clip_0242,Calm,0.8214,Calm,0.65,Calm,0.7529,False,118.93,119.52,30.34,0.0779,0.05527,0.1976,20.0,"same track and window before the mode first. exit turn 14. and bar for charles pock, gazzily starting a push lap 4 behind. gazzily 4. track is clear. next car pushing, norris 7.",29,0
clip_0683,Calm,0.7179,High Stress,0.7,Calm,0.4307,False,158.9,422.04,92.65,0.05646,0.04305,0.1759,20.0,"let's assume so max, i don't know. i don't know, i can't see the delta, it's just not taking me. i think you could ignore your delta when somebody overtakes you. i have no choice anyway.",36,0
clip_1174,Calm,0.9079,Calm,0.65,Calm,0.8047,False,100.4,55.36,11.36,0.08122,0.05775,0.2303,19.968,"we have overtake. this is my swear. next car is hajar. alright, so sainz the car ahead of hajar. his last lap was 40.5. gap to chekko behind 0.9. alright, last lap you and chekko did identical lap times.",37,0
clip_1333,Calm,0.9675,Calm,0.65,Calm,0.8405,False,122.73,68.97,13.16,0.08375,0.05376,0.1631,4.032,"just pre-select all decks for the restant, eventually all decks now.",10,0
clip_0440,Calm,0.6057,Calm,0.65,Calm,0.6234,False,134.71,137.96,45.03,0.08564,0.05142,0.1831,20.0,"gap at a 1.2 behind, now 1.0 gap at a 0.9 behind, 0.9 behind george now the car behind at 0.9 this easy pass into 1 with overtake 0.9 behind, 0.1 behind",24,0
clip_0503,Calm,0.9277,High Stress,0.7,Frustrated,0.5566,False,119.09,171.02,28.91,0.08498,0.0523,0.1758,20.0,let's keep pushing here on this straight and we'll box now lance box now okay behind we'll leave the flap as is and show the tires with more temple be better on the next lap so box now lance box now you can go out one out one,48,1
clip_0107,Calm,0.9436,Calm,0.65,Calm,0.8261,False,104.94,87.86,21.61,0.08992,0.04347,0.1564,20.0,"fabian in sync, go 5 seconds, push the celeb on off, focus on moving, hoping you'll have any queuing for opening your lap. fat 3, see the second gear, fat 3, see the second gear. the head is open, i'll see you at the end of the build.",45,0
clip_1321,Calm,0.5113,Calm,0.65,High Stress,0.5668,False,143.45,57.33,9.43,0.08752,0.04701,0.1697,2.56,"tell him he's okay, please. tell him he's okay.",9,2
clip_0068,Calm,0.9451,High Stress,0.7,High Stress,0.5671,False,185.15,240.84,61.68,0.08441,0.0534,0.1506,20.0,"one position 10. there is 5 pushing. of the 0, 2 td, 1 position 10. there is 3 pushing. weaving second half. make sure you let there is 5 so we can push the last corner. there is 2 pushing. there is 1 coming now. there is no pushing. there is behind you no pushing.",45,2
clip_1040,Calm,0.5373,High Stress,0.7,High Stress,0.3224,False,172.0,516.62,106.11,0.07884,0.06137,0.1806,20.0,"what a drive, well done man, excellent work. yehey! that was amazing, good job mate. nice work everyone, that was awesome, great work, incredible work. yeah well done ali, good job. good job, great job everyone, that was incredible. that was pushing flat out there.",45,2
clip_0849,High Stress,0.65,Calm,0.65,High Stress,0.39,False,88.46,66.16,14.39,0.08926,0.04487,0.1795,18.144,"olly, it's dazzling ahead on a new hard. holtenberger limbad didn't stop, so they'll struggle at the restart. olly, safety car in this lap. ollons up behind my 12 lap old hard. in a very good position, olly.",37,2
clip_0316,Calm,0.9397,High Stress,0.75,Frustrated,0.5638,False,245.66,1929.19,469.13,0.08481,0.04799,0.2518,20.0,"so it wasn't meant to be today. it's always p5, at least for the team. now we're done. that's the checker for the game.",23,1
clip_1072,Calm,0.9279,Calm,0.65,Calm,0.8167,False,141.46,138.97,36.85,0.08675,0.0495,0.2152,20.0,"consider mid-eight. is the deployment okay? so far the deployment is good. the other cars have got overtakes, so just get closer to them and you will get the same as them. one bigger base. the last is lap being forty-four.",39,0
clip_0206,Calm,0.7798,Calm,0.65,Calm,0.7279,False,105.51,86.54,21.8,0.07427,0.04491,0.1604,20.0,"we're turning 2.5 okay, 6 to go 6 to go we're turning 2.1 we're turning 35 we're turning 1.30 yeah, so it's a good practice, okay? we're turning 0.8 we're turning 11, go back is good",28,0
clip_0738,Calm,0.9138,Calm,0.65,Calm,0.8083,False,125.5,83.49,27.29,0.08865,0.04473,0.1458,2.336,"okay understood, we'll have a look on our side as well.",11,0
clip_0901,Calm,0.9438,Calm,0.65,Calm,0.8263,False,116.95,78.64,20.01,0.07143,0.06895,0.1262,2.24,"p2 now please, p2 now.",3,0
clip_0348,Calm,0.6651,High Stress,0.75,Calm,0.3991,False,244.2,523.13,173.27,0.07807,0.06206,0.2396,6.144,"looks okay now. it's not. to check boosts, we've got massive engine braking here.",14,0
clip_0742,Calm,0.5973,Calm,0.65,Calm,0.6184,False,100.33,72.74,12.13,0.08596,0.05085,0.1732,19.072,"and so very close to q3, few hundredths behind hrp 10, sorry, two thousandths behind hrp 10. it's to the pit lane speed limiters, the radical.",23,0
clip_0486,Calm,0.8757,High Stress,0.7,Calm,0.5254,False,124.18,262.32,73.33,0.07763,0.05445,0.1952,19.808,thanks for watching guys!,4,0
clip_0507,Calm,0.9224,Calm,0.65,Calm,0.8134,False,118.4,122.82,31.23,0.086,0.05085,0.1686,20.0,"turn 11 so a bit more each place. watch for the clerk 4.5. watch for the clerk 3. the clerk's coming now, one. next one is verstappen 8. verstappen's the last one and then we're good and the gap ahead is good. so just build some energy here if you can, higher energy.",49,0
clip_0394,Frustrated,0.3468,High Stress,0.7,High Stress,0.28,False,100.66,173.59,25.02,0.08864,0.04603,0.2008,20.0,"one second. copy that. 0.9. 0.8. the book will have overtaken. yeah, 1.1. give me 36.1. 24 laps remaining. just feedback on tyres, please. cut!",20,2
clip_0057,Calm,0.5676,High Stress,0.7,High Stress,0.3406,False,229.81,429.67,133.97,0.08716,0.04863,0.1396,20.0,"traffic from maximum time we have 2 cars slow in the last sector after clearing it up we will have traffic exit 314 no one pushing behind keep the position ok push that corner just in 4 with opening copy on traffic just in 3, 0 opening",42,2
clip_0584,Calm,0.7847,High Stress,0.7,Calm,0.4708,False,128.63,174.51,42.1,0.08957,0.04418,0.1828,20.0,and good job on tires and stay to spring to start with these tires you are on hard and if i still need to save at 7 still need to save and the level would be stay to spring so you want me to lift through there right,47,0
clip_0588,Calm,0.922,Calm,0.65,Calm,0.8132,False,120.15,143.18,37.74,0.08974,0.04371,0.1832,20.0,"they are braking. and green one position it. reminder for the restart. so k2 before 14, low gears, irfs. i got k2.",19,0
clip_0300,Calm,0.8952,High Stress,0.7,High Stress,0.5371,False,128.22,174.59,42.71,0.08744,0.04828,0.1604,20.0,"very well done. william is alan. well done mate. impressive. that is right up there with your best. so really, really well done mate. thanks alan. honestly everyone did a great job. that's pretty cool for the speed we had. that's very, very good.",44,2
clip_0307,Calm,0.7036,Calm,0.65,Calm,0.6822,False,98.48,107.2,27.48,0.08523,0.05207,0.1484,20.0,"go race, go race please, put on 30, put on good please. put on 30, put on good please. make sure to race, solid start, put on energy, put on the tires, really soft.",32,0
clip_1242,High Stress,0.65,High Stress,0.7,High Stress,0.67,False,164.25,321.85,62.97,0.08393,0.04024,0.186,35.0,"let's now take miami 2023, where during free practice, he randomly decided to send a little love letter to his old team alpine. and yeah, this is how he did it. like was that really necessary? but if you think only other drivers or teams were his victims, you're very wrong. honestly, alonso's favorite target is friendly fire. during his mclaren honda era, the team was such a disaster that el nano just could not stop attacking them over the radio. i mean, how could we ever forget this?",88,2
clip_0814,Calm,0.9114,Calm,0.65,Calm,0.8069,False,97.96,108.37,20.99,0.07733,0.04635,0.1929,20.0,"second gear turn 12. 53 up to exit. up to exit. this keeps the way to this outlaw. okay, only 220 in turn 7. we're hoping for you to do dx10. 4 turn 14 on the first lap.",31,0
clip_0587,Calm,0.7484,High Stress,0.7,Calm,0.4491,False,132.49,504.14,53.64,0.08854,0.04602,0.1701,20.0,"to slow for a and that's it, we will report and think about rearward deep brake balance for turn one if you can safety care in this lap only place to improve driving wise is braking 14, less peak",38,0
clip_0832,Calm,0.7764,Calm,0.65,Calm,0.7258,False,103.37,119.73,26.01,0.08392,0.05396,0.1911,20.0,"go away if i straight through the sides. yeah, we think we know what it is. we can talk in your back in the garage. well done, that's q3, excellent work. p10, good place to start the race tomorrow. yeah, good job everybody. proud of your hard work. we're excited about the good quality.",52,0
clip_0609,Calm,0.9162,High Stress,0.7,High Stress,0.5497,False,172.56,1407.82,264.35,0.09155,0.03995,0.1985,20.0,"charles is 3 seconds, you are doing a good job. charles 2.5 the time is apex 16 gap behind, 3 seconds at 6.16 to improve, think about the right toggle there.",26,2
clip_1198,Calm,0.7519,Calm,0.65,Calm,0.7111,False,101.88,81.6,16.65,0.07748,0.06307,0.2103,20.0,"alright, thank you mate, that was a well managed race. clearly everybody did a one stop. the race was won by antonelli, followed by russell and hamilton, and the clare p4, bairman p5, gastly in sixth, lawson, hajar, sainz, colapino, running out of the top ten.",44,0
clip_1078,High Stress,0.7307,High Stress,0.7,High Stress,0.7184,False,137.56,313.35,55.89,0.08676,0.04925,0.2396,20.0,"we are boxing right? stay out, stay out. so we think the air balance migrated between awards. yeah, i think we compensate for it. i was a bit shy with the flap. keep looking at your",36,2
clip_0851,Calm,0.913,Calm,0.65,Calm,0.8078,False,91.12,65.41,11.72,0.08861,0.04115,0.1921,20.0,"green flag, i think he still has the pack. seeds of cards in the pit lane. mode race jump 4. and he's gone. we're checking that olly.",26,0
clip_0278,Calm,0.8882,Calm,0.65,Calm,0.7929,False,103.22,127.93,30.51,0.08968,0.0439,0.1713,20.0,"welcome mate, we got this one ticked off, we have a few more to do as well. he is too young, we should put him in a mercedes, put him in a smaller team, we need the experience, look at the mistakes he makes, here we go, victory. thank you.",50,0
clip_0319,Calm,0.5208,High Stress,0.7,Calm,0.3125,False,111.19,165.14,43.47,0.09132,0.04046,0.2117,20.0,well done. now it's time to really close the gap. let's go in some coins soon. well done everyone. good job.,21,0
clip_0255,High Stress,0.6846,High Stress,0.7,High Stress,0.4107,False,130.09,161.07,35.22,0.09073,0.04159,0.1801,20.0,i really thought it was so good what's going on. and we need more tyre saving turn 7. avoid left toggle too many times for engine braking limit. up to you to manage but turn 7 is fast from our numbers. compared to your friends or,44,2
clip_1052,High Stress,0.5916,Calm,0.65,High Stress,0.355,False,121.51,49.55,11.52,0.08629,0.04904,0.1368,2.112,i went deep into tank 1 with the understood,8,2
clip_0712,Calm,0.8762,High Stress,0.7,Calm,0.5257,False,141.17,189.1,61.7,0.08691,0.04925,0.189,20.0,"and the lift is not required it's going half the way, it's lifting, right? hold on a sec i'm setting the lift, 114 yes please, thank you so we're going ahead 37.2",30,0
clip_0303,High Stress,0.6926,Calm,0.65,Frustrated,0.4155,False,108.49,118.53,37.12,0.09036,0.04223,0.1461,20.0,i think so weak doesn't help anyway sorry about the left point thing i really got caught off-guard man that's the car just disappeared the rear just snapped yeah cop that,30,1
clip_0557,Calm,0.6283,Calm,0.65,Calm,0.637,False,102.46,141.18,36.63,0.08164,0.04606,0.2055,20.0,"that's a box. if you are happy, yes. we can use this set for youtube. piazza 5. piazza 2. 4. 5. 6. 7. 8.",17,0
clip_0463,Calm,0.909,Calm,0.65,Calm,0.8054,False,97.49,93.96,18.59,0.0825,0.05616,0.2106,20.0,so 37.6 for the clear. happy with turn 7 that lap. gap back to 4.9. 30 laps remain. 3-0 lewis now car behind 5.4. 3 cars back to the car. gap back to 6.9. so it was a 37.8 for that.,32,0
clip_0975,Calm,0.8114,Calm,0.65,Calm,0.7468,False,116.34,92.75,21.75,0.0727,0.04376,0.1573,20.0,still closing up that gap 2.5 now keep it up think about top right modify the turn nine think about top right turn nine another 1.2 seconds we'll be within the fia overtake to the stop and keep it up keep going if there was a safety car up here we'd come out just in front of lawson hager we can very close to the trimpo,64,0
clip_0622,Calm,0.6486,High Stress,0.7,Calm,0.3892,False,130.3,185.68,48.21,0.08786,0.04738,0.1799,20.0,go charge off multi be one position ten charge on irpm reminder no one pushing behind this is in lap okay i don't know if it's balance or what but i've run so,33,0
clip_0983,High Stress,0.4149,Calm,0.65,Frustrated,0.26,False,104.69,114.32,34.98,0.08095,0.05847,0.1747,19.84,"that's the third race was the 9th. yeah, i tried everything to catch up, but i didn't do much. there was nothing more in it. yes mate, we're disappointed with the 6th at race 2. i think that's a good sign. yeah, i just put it by my",45,1
clip_0533,Calm,0.8997,High Stress,0.7,Calm,0.5398,False,125.32,159.74,33.62,0.08862,0.04614,0.1592,20.0,please cars still to go ahead all well space two cars to go and limb level open right behind you boxes that keep the revs up after him as oscar should be slow and everyone behind is in place,39,0
clip_0887,Calm,0.6292,Calm,0.65,Calm,0.6375,False,124.07,107.67,18.88,0.0576,0.05072,0.145,12.832,"in the place where they should be. they did have an oil spill or oil leak in grid slots 11 and 14. they've been cleaned up properly, but you might notice a little bit of concrete dust over there, nothing to be concerned about.",42,0
clip_0653,Calm,0.9558,High Stress,0.7,Calm,0.5735,False,153.86,168.31,39.5,0.08586,0.05103,0.1522,20.0,"they are in the pitch. don't burn out if you can. slow mode on. you are baseline plus 3. some full throttle where you can. we can get some full throttle in the back straight and no lift off required. good braking time. 3 long, 1 short.",44,0
clip_0373,Calm,0.8996,Calm,0.65,Calm,0.7998,False,120.27,128.34,35.76,0.06575,0.03726,0.1582,20.0,"that's pretty simple, lower than i would have thought. it looks all good at the moment. i just remember that high speed of weaving.",24,0
clip_0093,Calm,0.3817,High Stress,0.7,Calm,0.28,False,122.71,184.03,31.1,0.07603,0.06111,0.1523,20.0,"i can feel kaliak trying to merge, she is not allowed to i'm screening 14 so we're building 4 kaliak merge give you the countdown bitgalax 7 6 5 4 3 2",24,0
clip_1060,Calm,0.7937,Calm,0.65,Calm,0.7362,False,124.67,103.82,19.71,0.08554,0.0516,0.2052,20.0,"we are p22, stroll ahead of us, 359, then valtteri did 354, penanda 352, albon 347 and science 343. loss on p16 at 34.1.",16,0
clip_1105,Calm,0.757,Calm,0.65,Calm,0.7142,False,121.54,138.75,30.54,0.08675,0.04945,0.2208,20.0,"copy that. we've lost overtake. possible debris, corner 7 to 8. all corners got a 10 second time penalty. all corners 2.7 ahead. still 19 laps to go.",23,0
clip_1030,Calm,0.5576,High Stress,0.7,High Stress,0.3346,False,151.35,252.99,83.89,0.07907,0.061,0.1647,20.0,big lock up at the hairpin and it off he goes and hamilton gets by charlotte claire building up pulling alongside and he gets past these teammate charlotte claire back up to third place how long for not very long no,41,2
clip_0521,Calm,0.4099,High Stress,0.7,High Stress,0.28,False,126.48,190.3,32.64,0.07834,0.04851,0.1607,20.0,"linnblad b is turn 2 about eight cars ahead of us to go linnblad failed, so it's stroll in turn 10 if you include the williams ahead, then there's five cars to go yeah, the mirror is not working at all, so",40,2
clip_1297,Frustrated,0.7228,Frustrated,0.6,Frustrated,0.6737,False,206.12,454.83,105.95,0.04184,0.0298,0.1419,35.0,"so tell me what is the problem please? i don't know! there is something broken, oh it's a clutch! ok we need to find some paces, mainly under braking. let's do your best, i know it's difficult. i know but this thing is soft! offset to five, build it up under braking, you can do it. are you trying to cross me or what? i would imagine there's not very attention. what the f ! confirm box please, we have to box black and orange flag, we will change tyres. how are they useful for us?",95,1
clip_0968,Calm,0.6552,High Stress,0.7,Calm,0.3931,False,124.8,181.8,46.48,0.07974,0.06018,0.1699,20.0,"cap behind stable 1.3, time out of orbit. south-frankfors. no, it's south-frankfors. i want to go up to max 8-billar. understood, 5 seconds. that's it. and i guess what he did is okay, right? yeah. you see. yeah. well, it's like catching",37,0
clip_0218,Calm,0.8954,High Stress,0.7,Calm,0.5373,False,107.41,205.45,47.55,0.07449,0.05404,0.151,20.0,"full load, put a 14 and copy it and get the perfect and full load coming in full load coming in and copy it and stop and then draw and then jump out, go ahead",34,0
clip_1339,Frustrated,0.7717,High Stress,0.7,High Stress,0.463,False,170.01,254.15,68.82,0.07929,0.06052,0.2156,6.336,"i'm behind in my car as we go mate. just leave you to it with the zero, it's not an issue. run!",22,2
clip_0151,Calm,0.8347,Calm,0.65,Calm,0.7608,False,95.76,129.83,23.96,0.0906,0.04199,0.165,20.0,i think we should have done an opposite,8,0
clip_0495,Calm,0.9333,Calm,0.65,Calm,0.82,False,132.26,46.46,14.61,0.08725,0.04739,0.1635,2.24,"one minute till we go, one minute.",7,0
clip_0108,Calm,0.7868,Calm,0.65,Calm,0.7321,False,110.84,134.01,31.35,0.08602,0.04658,0.1529,20.0,"then you go push wind, then as good one ok, something turn on, a lot of dirt here continue, continue continue, continue not for the lap, learning some look behind the rest of the lap then it's quicker than alex",40,0
clip_1139,Calm,0.8991,Calm,0.65,Calm,0.7995,False,87.23,46.31,12.06,0.063,0.06094,0.2397,20.0,"ok, main time to gain with his minimum speed at turn 9. alright, so once in the pit lane, we'll stop on the box, where the mechanics are. this certain mode slow is correct, because the battery is empty now.",39,0
clip_0139,Calm,0.9211,High Stress,0.7,High Stress,0.5526,False,105.4,150.4,27.39,0.08819,0.04697,0.1761,20.0,go race go race go race go race when you can go race when you can that's kind of how you link,22,2
clip_0567,Calm,0.8692,High Stress,0.7,High Stress,0.5215,False,126.38,173.12,39.34,0.09033,0.04249,0.1615,20.0,"turkey is clear, turkey is clear. warm up your tires. and noise will push behind. noise behind you will push. and box box, lap was good, about xc910. you lost 4 times there. we are p3 antoneli p1.",34,2
clip_0281,Calm,0.9056,Calm,0.65,Calm,0.8033,False,101.37,118.53,33.03,0.09219,0.03809,0.1512,20.0,"i'm going to go to the cabin yeah, picking up rubber the car was not straight forward but i wanted to move for the team, it was great yeah, good results i hope they should see it, good target results, good event, hello",43,0
clip_0896,Calm,0.922,Calm,0.65,Calm,0.8132,False,116.39,142.0,34.8,0.08184,0.05728,0.1907,20.0,"alright, let's keep your pace up on the way in please. staying straight on the whole time. car's behind off on the bend, and if i just finish that. i know something i broke building in. from 6 and 14. yeah, copy, saw some talk over delivery in places as well. we'll have a look and see if we can help with switches there.",62,0
clip_0517,Calm,0.7466,Calm,0.65,Calm,0.708,False,115.53,119.52,27.78,0.08308,0.05543,0.1674,20.0,"remember go one, go one. remember go one, make a little gap to linblat. cap is three, four, five. remember charge off, charge off. 100 meters lift here, 100 meters lifting coast, big one. trust me this one.",36,0
clip_0748,Calm,0.8651,Calm,0.65,Calm,0.779,False,99.32,42.0,9.31,0.09188,0.03758,0.1202,2.176,and then also lint blood p15.,5,0
clip_0685,Calm,0.8888,Calm,0.65,Calm,0.7933,False,88.48,61.3,10.61,0.08906,0.04524,0.1735,20.0,"so, stroll coming through and keep up the pace of the race. and, fernando, four seconds. fernando, 2.5, let him through before 7.40. and, pops. and, look out for the wave bridge.",30,0
clip_0733,Calm,0.8334,Calm,0.65,Calm,0.76,False,105.25,53.82,13.6,0.08687,0.04897,0.1254,5.824,"nico, on our side, if we get a clean out lap, we think it's okay with no build lap. what do you think?",23,0
clip_0773,Calm,0.9276,High Stress,0.7,Frustrated,0.5566,False,98.18,162.08,30.84,0.08824,0.04587,0.2046,20.0,"radio quality is very poor, you can't hear you, but single-press energy is best for overall lap time. exit turn six. and what you did now in turn six is perfect for us. that's ocon three and a half seconds. ocon has a ten second time penalty. car behind three and a half seconds is the race leader, antonelli.",58,1
clip_0485,Frustrated,0.4564,Calm,0.65,High Stress,0.2738,False,125.27,65.87,18.26,0.08458,0.05235,0.1596,5.632,well done! get us a mate and p zero the car before you hop out,15,2
clip_0310,Calm,0.5677,Calm,0.65,Calm,0.6006,False,96.0,131.35,23.02,0.08299,0.03965,0.1669,20.0,"so well done, that is your first point for alpine e10 there, for real shame, we couldn't get carlos there, i think the blue flag is just a couple of laps, let's pick up some rubber here. i'm really proud of you for the effort this weekend, no carry.",48,0
clip_1136,Calm,0.8122,Calm,0.65,Calm,0.7473,False,102.58,95.05,17.99,0.08146,0.05786,0.2406,19.968,"portoletto signs four seconds ahead. it still needs to start time. portoletto through now. so here's the car behind. he's on the slow. so he's trying to keep track of the position. still got six seconds to stroll behind. let's go, bode, push. let's go. all right, let's go, bode, slow. go, bode, slow. and we're going to.",58,0
clip_0981,Calm,0.8471,Calm,0.65,Calm,0.7682,False,110.08,105.32,21.6,0.08333,0.05342,0.164,20.0,"2.6 4 to go just watch the front lockings this tyre gets older 2.4 3 laps to go i think to make one mistake, maybe a bit up 2 laps to go, 2.3 3.0 more lap after this, press and hold, boost into turn 1 this time",39,0
clip_0628,Calm,0.8296,High Stress,0.7,Calm,0.4978,False,124.8,1920.26,141.51,0.08875,0.04579,0.1746,20.0,"ocon 7 behind, ocon 5, ocon 3, berman 9, ocon behind you now, berman is 5. some full throttle way you can, you should be in place with berman behind you now.",27,0
clip_0993,Frustrated,0.3382,High Stress,0.7,High Stress,0.28,False,195.01,270.08,75.09,0.08141,0.05777,0.1742,19.968,"but turns out destroy little books to my generations. yeah, copy.",11,2
clip_0644,High Stress,0.7447,High Stress,0.7,Calm,0.4468,False,162.12,1931.94,305.9,0.08901,0.04532,0.1784,20.0,"i don't think it's correct yeah, i can't fix it you have rvd in front, click, second open behind, five, all out starts off rvd 5.5 in front you're good",29,0
clip_0471,Calm,0.8977,Calm,0.65,Calm,0.7986,False,114.74,115.01,27.83,0.08293,0.0555,0.1903,20.0,"happy to push turn 7 now, help slide the flag right. there are some new flags up ahead. georgia has 35.5. bmic 2 available last corner if you need it. bmic 2. georgia 35.6 in free air.",32,0
clip_0719,High Stress,0.65,Calm,0.65,High Stress,0.39,False,112.86,55.87,16.05,0.08453,0.05289,0.1368,5.536,"okay, let's fire up, fire up. okay, and you can switch off.",12,2
clip_1194,Calm,0.9594,Calm,0.65,Calm,0.8357,False,111.57,102.29,23.13,0.08004,0.05975,0.2345,20.0,"their stint. let's just manage it to the end. still got 17 seconds to bearman. bearman would be lapping us. behind bearman is czechos, so czechos is 19 seconds behind us. so six laps remaining. let's just manage it to the end mate. okay so we've still got 11.",46,0
clip_1272,Calm,0.4355,High Stress,0.75,Frustrated,0.3,False,346.88,1917.57,413.29,0.06682,0.06366,0.1854,35.0,"he was revving it away and they had to sort of bounce it off the jack to get it going. we must save fuel, we must target zero. i don't want, i don't want. we're going to have big problems later if we don't. i already have big problems now. driving with this and looking like armator. so i straightened and then i concentrated the fuel. emilton 3.5, 3.5. okay, i don't want to know. okay, i don't want any more radio. hold the right thing.",84,1
clip_0978,High Stress,0.65,High Stress,0.7,High Stress,0.39,False,121.18,170.33,37.67,0.07506,0.05466,0.1672,20.0,"straight each lap, just keep it up. uh, don't kiss you. uh. understood my ear trick, just gonna keep going with it. keep going. brake fires half a percent of rearwards, it will help turn 14. batman's only gains on turn 1, he's turned 8-9, he's struggling with the fronts more than us. harry's in front of him, he's gonna get a",61,2
clip_1051,Calm,0.926,Calm,0.65,Calm,0.8156,False,0.0,0.0,0.0,0.06673,0.06055,0.1898,2.208,"of the clicks. click, click some.",6,0
clip_0639,Calm,0.7578,Calm,0.65,Calm,0.7147,False,141.4,97.8,22.02,0.08716,0.04837,0.2099,5.6,"okay, so all the systems want to trace you, the only place we are losing to arvid, so he's breaking",20,0
clip_1178,Calm,0.9239,Calm,0.65,Calm,0.8143,False,102.67,71.73,13.64,0.076,0.05333,0.2128,20.0,"gap to checko behind 1.5, he's pushing harder than you in turn 8. gap to checko behind 1.3. ok, so gap to checko 1.2. got strap 5 available, we want a little bit more to point at 4.7. ok, checko ahead.",35,0
clip_1189,Calm,0.7721,Calm,0.65,Calm,0.7233,False,105.38,51.58,14.69,0.07132,0.05443,0.2146,20.0,"is lindblad just out of the pits when we are racing him. lindblad 0.8 behind if he's on a new medium. okay, car behind is hamilton, it's 3.8 behind, his last lap was a 36-2. all right, so hamilton 1.4 behind.",37,0
clip_0477,Calm,0.9556,Calm,0.65,Calm,0.8333,False,119.01,128.05,36.99,0.08369,0.05437,0.1994,20.0,"you've got colpito at sight ahead. colpito ahead doing 37.6. george at 35.9. to sight ahead 2 seconds, head free air. george say back time, gap 9.5.",23,0
clip_0029,Calm,0.6829,High Stress,0.7,Calm,0.4098,False,173.82,168.15,42.78,0.07505,0.06608,0.1064,5.312,"a bit info, position 11 and 14 on the grid. there was a little bit of dust.",15,0
clip_1079,Calm,0.8398,Calm,0.65,Calm,0.7639,False,114.49,101.14,23.56,0.08582,0.04458,0.2057,20.0,"safety car delta, you are just ok now. m44 is double yellow in corner 3 still, so it should be a bit longer. marchet on track, corner 2. recovery vehicle on track, corner 2. and ahead, anton elias boxed, colapinto con still on",39,0
clip_1123,Calm,0.6887,Calm,0.65,Calm,0.6732,False,109.53,148.33,34.88,0.08226,0.04478,0.1944,20.0,"we hope everyone to finish both cars. yeah, well done. now it's time to really close the gap. i'll just go in some points soon. well done everyone, good job. yeah, take the pickup. do not exceed 120 kmph.",38,0
clip_0461,Calm,0.576,High Stress,0.7,High Stress,0.3456,False,123.63,179.39,38.88,0.075,0.04718,0.201,20.0,"lewis 37-0, leclerc 36-8, george 36-5 gap at 2.5 lewis leclerc and george in a tight group and leclerc now car behind at 3.4 gap at 3.8 for arisa bachelet",24,2
clip_0478,Calm,0.8002,Calm,0.65,Calm,0.7401,False,119.78,140.67,38.22,0.07215,0.05137,0.1995,20.0,"5l remaining, 17 seconds clear air ahead george 35.5 g at 9.0 and that's another fastest lap, george at 35.5 give me some 3l remaining so let's just get this thing home still 7.5",27,0
clip_1205,Frustrated,0.6901,High Stress,0.7,Frustrated,0.4141,False,192.63,1444.87,227.94,0.08639,0.04243,0.1427,35.0,"what the hell? come down! magnet and rho is a real usb stupid. no! ah no, come on charles. i'm sorry, i'm sorry. okay. i did mistakes. come on charles. so that's the end of the live frame. 31.80",38,1
clip_0346,Calm,0.812,Calm,0.65,Calm,0.7472,False,143.71,39.87,10.71,0.07478,0.06541,0.1933,2.432,thank you. i want anti salt.,6,0
clip_0472,Calm,0.8492,Calm,0.65,Calm,0.7695,False,113.08,134.8,32.64,0.08474,0.05289,0.2205,20.0,"just be careful with the first input into turn 1, first steering input into turn 1 got hogbrobe on the car's head now traffic george 356 gap at 6.6",25,0
clip_1342,Calm,0.7306,Calm,0.65,Calm,0.6984,False,102.32,29.89,13.35,0.08355,0.05311,0.2013,2.048,"i'm a close, so i'll do it. that's it.",9,0
clip_0262,High Stress,0.65,Calm,0.65,Calm,0.39,False,119.3,135.57,30.47,0.08079,0.04657,0.194,20.0,"double yellow where you're now. on the sliding of the first inch, uh, make me come back to you. brake balance minus one. safety car in this lap. so the restart will be mode k2, turn 14 and use low gears there.",40,0
clip_0711,Calm,0.5398,High Stress,0.7,Calm,0.3239,False,124.48,229.9,54.5,0.08671,0.04955,0.2084,20.0,"and exit of turn six oh, now i'm going to set my own road i am supposed to be on your side max, trying to give you some help and some information, nothing further that's it wait i need to let the six of us",45,0
clip_1160,Calm,0.6252,Calm,0.65,Calm,0.6351,False,98.19,48.91,11.79,0.05302,0.05305,0.1925,5.888,"we had a good run in the sprint yesterday, but our problem was cut short, so let's see what we can get today. we'll stay on top of the tire man.",31,0
clip_0862,Calm,0.8676,Calm,0.65,Calm,0.7806,False,102.73,113.03,18.8,0.08837,0.04655,0.198,20.0,"you're much in for stopping space 20 to go. good job. stop to gassley. gassley only 0.3 faster. last lap should be okay at the end. okay ollie, do you have any more place at 19 to go? gassley 6.5 behind.",37,0
clip_0816,Calm,0.9013,Calm,0.65,Calm,0.8008,False,94.26,108.14,14.34,0.08903,0.04522,0.1846,20.0,"275 and the straight. and the line that's multi-gream dx. first up, and the q. multi-gream dx10. single yellow and 16.",15,0
clip_0241,Calm,0.6621,Calm,0.65,Calm,0.6573,False,108.47,105.73,26.38,0.08895,0.04532,0.1979,20.0,"5, 6, 7 press on stop yep, apparently he has an issue which is double yellow in 3-4 now see moving again sector clear, he has restarted so we will start our lap",29,0
clip_0007,Calm,0.8073,Calm,0.65,Calm,0.7444,False,93.1,135.97,21.47,0.08448,0.05335,0.1846,20.0,"which is good. so the 2-hust is a 7, either head or head. one of them will drop back to you. 100 minus 7 on the front, minus 6 on the rear, current. 1, 2, 3, 4, 5, 6, 7, 8, 9, 10, 11, 12, 13, 14, 15, 16, 17, 18, 19, 20, 21, 22, 23, 23, 24, 25, 26, 27, 28, 29, 30, 31, 31, 31, 32, 33, 34, 35, 36, 37, 40, 40, 41, 41, 42, 43, 43, 44, 45, 46, 47, 47, 47, 47, 47, 47, 47, 47, 47, 47, 47, 47, 47, 47, 47, 47, 47, 47, 47, 47, 47, 47, 47, 47, 47, 47, 47, 47, 47, 47, 47, 47, 47, 47, 47, 47, 47, 47, 47, 47, 47, 47, 47, 47, 47, 47, 47, 47, 47, 47, 47, 47, 47, 47, 47, 47, 47, 47, 47, 47, 47, 47",28,0
clip_0614,High Stress,0.6496,High Stress,0.7,High Stress,0.6698,False,124.5,185.85,41.86,0.09042,0.04241,0.1964,20.0,"gap behind, 3.8 gap behind is 3.7, 3.7 and last lap, last lap 3.5 behind and well done luis, sorry the race, cleared as much as we wanted, thank you",26,2
clip_0429,Calm,0.9167,High Stress,0.75,Calm,0.55,False,200.54,1931.94,358.94,0.07257,0.04955,0.2109,20.0,"the white line and we'll stop at the mark of the specular edge. turn all the straight out. the circuit's all clear. strat mode 1, strat mode 1. norris has left the pits behind you in 8 seconds. target plus 6, no pressure behind.",40,0
clip_1325,Calm,0.9097,Calm,0.65,Calm,0.8058,False,161.63,69.04,18.06,0.03269,0.03028,0.2679,2.976,red flag check a red flag slow down and get your delta positive,13,0
clip_1074,Calm,0.8552,High Stress,0.7,High Stress,0.5131,False,153.64,449.39,82.0,0.08693,0.04917,0.2313,20.0,"main loss to valter is corner 12 exit, so n11 for better 12. entry 4. the energy hits all over the place, i'm losing a lot of time with an lt. copy that, fernando is lapping 41.6, lanzis 40.9.",32,2
clip_0970,Calm,0.7956,High Stress,0.7,Frustrated,0.4773,False,133.84,176.85,50.3,0.07012,0.05169,0.1735,20.0,"i lost, right? out of 10th gear. understood, we're looking. one 10th, quicker sector one, two 10ths, quicker sector two, the max that time. keep out. i can't hear you, can't hear you. okay, may drive, we'll go, just head down and focus. three 10ths quicker than the staff in sector two that time. keep out. the oversteering 14 is all torque delivery. half the",60,1
clip_0379,Calm,0.5109,Calm,0.65,Calm,0.5665,False,104.06,116.1,22.76,0.08699,0.04894,0.209,20.0,"1.1 behind. cap was one second behind, but this will have overtake. cap ahead 1.6 behind 1.5. some media runners, i'll have a look, some media runners complaining of greening.",27,0
clip_0297,Calm,0.9838,Calm,0.65,Calm,0.8503,False,110.92,115.66,36.9,0.08452,0.05323,0.1669,13.696,i'm glad we were able to race with everything that's coming.,11,0
clip_1207,Frustrated,0.3253,Calm,0.65,Frustrated,0.26,False,101.36,135.17,28.82,0.0519,0.04005,0.1774,35.0,"oh, come on charles! who is the afton martin? around you, or before, stroll. i'll address in the middle of the corner as always. mode slow, and target zero. charge, turn on. love. i'm waiting for the other cars to finish. forever. class.",43,1
clip_0682,Calm,0.9061,High Stress,0.7,High Stress,0.5436,False,109.51,210.18,52.8,0.05987,0.04166,0.167,19.968,"the rules allow it to be perfect. you have pre-tied and you have the clear at 3.5. get up, it's way before 6. he's on push now. okay.",25,2
clip_0291,Calm,0.5063,High Stress,0.7,High Stress,0.3038,False,168.08,186.55,54.06,0.08272,0.05501,0.2067,18.848,"but good work, great work in fact. that was an incredible race, incredible work. the car was a beast today, as it has been all weekend. yeah, well done ali. 30 is there, excellent work. you too, you too.",38,2
clip_1276,High Stress,0.65,High Stress,0.7,High Stress,0.67,False,142.72,275.85,76.36,0.06383,0.04353,0.1747,35.0,"there he is! gb2 engine, gb2 what's parmen is doing? he needs to give me back the position. cut the chicken. parmen has a 5 second penalty. 5 seconds it's a yoke! a yoke! yeah, we know if we can't do anything apart from give it everything maximum pace. we need to box the car to retire. we have an issue with the car. okay.",61,2
clip_0128,Calm,0.9306,Calm,0.65,Calm,0.8183,False,132.15,51.98,11.86,0.08259,0.05542,0.114,3.04,the top 7 are all on medium.,6,0
clip_0573,Calm,0.8757,High Stress,0.7,Calm,0.5254,False,120.66,266.13,73.12,0.08329,0.05517,0.1931,17.568,thanks for watching guys!,4,0
clip_0737,Calm,0.8933,High Stress,0.7,Calm,0.536,False,143.78,1928.39,269.97,0.08615,0.05038,0.1951,14.752,"how was the balance for you niko? a bit cleaner i would say. i think maybe just with tools, not with aerobalance, you go a bit more aggressive now. two rotation.",31,0
clip_1161,Calm,0.8575,Calm,0.65,Calm,0.7745,False,105.67,82.55,14.18,0.04913,0.04408,0.1876,19.968,"let's go. one minute. 30 seconds. 10 seconds. let's try and work the rear where we can. alright, you're doing a good job. let's try and cool the engine if you can. and formation lab, start feedback. we could try to drop.",40,0
clip_0416,Calm,0.8053,High Stress,0.7,Calm,0.4832,False,117.61,176.91,54.15,0.07338,0.04309,0.1857,20.0,"we'll just leave the bu running. that was a tool clip. and we target plus seven. so we'll box box. so strut mode 13. that was nice from the us in the way. copy. so that was ocon. yeah, nice from him.",41,0
clip_0654,Calm,0.9393,High Stress,0.7,Calm,0.5636,False,154.77,408.5,59.86,0.08711,0.0486,0.1781,20.0,"you will be offset minus one, push toggle on and slow mode off. remind the foot on brake, remind it to go when the blue lights come, last car on the grid. boost available if you want. mode 6, this is p7. we start managing the tires now. in front of you, color pinto.",52,0
clip_0375,Calm,0.9453,Calm,0.65,Calm,0.8272,False,114.81,105.37,26.0,0.06102,0.04194,0.1799,20.0,"of the grid markings, final burnout, e8 for stappen, then select strat 7 and green 12 position 1. remember your brake pressure, we select first gear and the blue light for one set.",29,0
clip_0510,Calm,0.9002,Calm,0.65,Calm,0.8001,False,132.76,131.73,31.16,0.08632,0.05033,0.1685,20.0,"yep, i hear you. we're still just on the low side of temp, so we'll try and do a better job on the out lap and we'll take some balance off. we'll calm it down. okay, so we'll box into this lap. you can push on this in lap. in sync with fernando behind. okay, so, loss in and behind, pushing. we'll be boxing.",64,0
clip_1164,Calm,0.9662,Calm,0.65,Calm,0.8397,False,106.9,66.53,14.39,0.07315,0.04722,0.2204,20.0,"but if you want more deployment for 7, we've got strap 5 or 6 available. so alonzo 0.3 ahead, holkenberg 0.4 behind. alonzo lasts to that, 42.3. alonzo 0.6 ahead. time management looking good. alright, we've got entry.",31,0
clip_0226,Calm,0.7916,High Stress,0.7,Calm,0.475,False,152.57,513.44,82.57,0.08771,0.04751,0.1789,20.0,"so if you ask me now, 3399, you did a 345 with scrubbed. and hulk are back new, 341 now, you did a 345. we are happy to do another lap, matel. so track is clear, will be mode push. exit 1014, target zero.",39,0
clip_0799,Calm,0.8144,High Stress,0.7,High Stress,0.4886,False,116.77,204.3,50.04,0.07919,0.04352,0.2082,20.0,"exit 11. how was the balance oli? balance is good, i think i could have had 0.2 for the first push. second push, starting at a bit or less. it's box. box.",30,2
clip_0884,Calm,0.9051,Calm,0.65,Calm,0.8031,False,91.49,9.57,2.17,0.07065,0.05774,0.1516,4.352,other than that both cars same pou all those smaller details.,11,0
clip_0377,Calm,0.9291,Calm,0.65,Calm,0.8175,False,93.1,82.75,15.5,0.08821,0.04681,0.2016,20.0,"3, yeah ahead of the book 0.5, the book will have overtake ahead, give entry, give high speed available, ahead of the list is 0.9, and the list will have overtake, yeah 0.8.",29,0
clip_0676,High Stress,0.65,High Stress,0.7,High Stress,0.39,False,151.29,179.35,38.52,0.08865,0.04602,0.1562,20.0,"27, 27 were done. don't like safety cars, but with score points anyway well, that's not what i expected so very very well done. very very well done. i think honestly we what we have the pace we have that was everything we could do with the car",46,2
clip_1229,Calm,0.6081,Calm,0.65,Calm,0.6249,False,177.79,60.01,13.66,0.09606,0.02583,0.2665,4.48,"talk 5, talk 5, please do charge battery, talk 5.",7,0
clip_1284,High Stress,0.9745,High Stress,0.75,High Stress,0.8847,False,346.29,1152.62,237.82,0.06185,0.04534,0.215,34.624,"you'll be fine, just complete the lap. the stappen, currently in the drop zone, with a time that should be good enough as he comes across the line, but it's good enough for nife! the stappen at risk here, for an almighty shock! and he's on the break! ah, gasly and magnuson! i'm so sad. i'm so sad. i'm so sad. i'm so sad. i'm so sad. i'm so sad. i'm so sad. i'm so sad. i'm so sad. i'm so sad. i'm so sad.",85,2
clip_0641,Calm,0.9443,Calm,0.65,Calm,0.8266,False,137.79,69.53,12.11,0.08661,0.04943,0.2052,5.792,"bit coping is, driving is going forward offset if you want, offset 0 and then we go offset minus 1 after 10.4.",19,0
clip_0631,Calm,0.8957,Calm,0.65,Calm,0.7974,False,121.21,143.45,35.43,0.08304,0.05549,0.209,13.504,"yeah, same approach, i struggled on the last stop, i'm a star. so, against harvard, indian, the two places are 123 and 6, so i think things were faster than before.",29,0
clip_0948,Calm,0.88,Calm,0.65,Calm,0.788,False,113.25,91.94,22.05,0.08252,0.05616,0.1604,20.0,"gap behind 4.4, just need to keep watching that front, no more pushing than you did last lap and you did more management as well. 3-4-10 quicker than all cars behind. gap behind 5 seconds, hour the tyres please, safety car window is open. does the quads lift? i can make it, doing a great job here, just keep it up.",58,0
clip_0766,Calm,0.8497,Calm,0.65,Calm,0.7698,False,112.71,144.89,34.94,0.08331,0.05515,0.1838,20.0,"that's lawson. and safety car window is open. safety car window open. left is the okay, copy. no left side. it's just good then. i feel it and it does look great. understood, you go. entry minus one. entry minus",40,0
clip_1196,High Stress,0.9893,Calm,0.65,High Stress,0.5936,False,100.69,84.48,19.2,0.07404,0.06704,0.2211,20.0,"final lap, bareman 3.1 behind, bareman 1.6 behind, fine bareman is ghastly three seconds back, okay that is the checkered flag for us, it's a p13, let's go mode slow, mode slow, well done mate",32,2
clip_1266,Frustrated,0.7036,High Stress,0.75,Frustrated,0.4222,False,319.17,1985.19,476.6,0.08597,0.051,0.1767,35.0,"i'm going all the way up, how is possible? how? i'm not finished, not tires, we are out of the points. i'm trying to do whatever but i don't care so much about georgia. at the end you looked quite upset with petrov when you slowed down alongside him, is that how you feel? do you feel he was in the way? well, i tried to pass him once and he protected like last lap in the last race in the championship, fighting both for the championship so it was very aggressive but you know it's the way it is.",100,1
clip_1301,Calm,0.5198,High Stress,0.75,Frustrated,0.3119,False,404.46,951.3,386.05,0.08357,0.05384,0.1947,11.616,i'm not coming behind yuki we need to push harder on tires they are looking good now we need to open the gap to battle you can push harder push flat out i am shut up,36,1
clip_0856,Calm,0.8845,High Stress,0.7,Calm,0.5307,False,105.23,158.44,31.56,0.08643,0.05012,0.2149,20.0,"to go. the aulia deck is very low and greening much reduced from sprint race. you're marked everywhere, marked everywhere. same pace.",22,0
clip_0899,Calm,0.7984,Calm,0.65,Calm,0.739,False,138.05,101.95,21.05,0.08018,0.05921,0.1853,20.0,"we're in terms of timers. so, psop, ps6 at the moment, fastest, piaf street 3399. so, half the 10th",16,0
clip_0423,Calm,0.9042,Calm,0.65,Calm,0.8025,False,96.08,103.3,21.59,0.08593,0.05096,0.1879,20.0,"gap to hulkenbergerhead now is 12 seconds. gap six ahead. no pressure behind. colobito leclerc-hals behind, starting laps. real box box. so the strat 13, strat 13, currently a p1. georgia port.",27,0
clip_0655,Calm,0.6194,High Stress,0.7,Calm,0.3716,False,150.41,186.88,34.48,0.07684,0.05115,0.207,20.0,hard. offset zero if you want. you will need a bit more management turn 13 exit. okay i get up on my ass. yeah it's okay. you can do a step more in seven and eight then. okay. full toggle if you want seven eight. one more step turn seven please. okay.,51,0
clip_0067,Calm,0.5593,High Stress,0.7,High Stress,0.3356,False,150.5,442.95,113.01,0.08701,0.04907,0.1398,20.0,1.5 i just push in 3 ok what's the score? is that 2 behind pushing? is that 1.5 coming now? ok next one no risk no risk 7 pushing start off offset 0 tp 1,28,2
clip_1317,High Stress,0.65,Calm,0.65,High Stress,0.39,False,159.52,37.85,8.54,0.03989,0.04295,0.2272,2.048,are they okay? i see a fire.,7,2
clip_1131,Calm,0.7015,Calm,0.65,Calm,0.6809,False,108.76,23.64,5.59,0.08543,0.05073,0.2288,2.528,and it will only be ignition off on the way bridge.,11,0
clip_0698,Calm,0.9162,High Stress,0.7,Calm,0.5497,False,136.12,174.51,60.51,0.07271,0.04737,0.1552,20.0,"yep. in lane speed limiter on. let's get some good brake temperature for the first half of the straight. the engine rpm dropped too low. ok, reminder for the boost button. mass carb back at the grid.",37,0
clip_0293,Calm,0.6942,High Stress,0.7,Frustrated,0.4165,False,128.57,364.54,83.49,0.07244,0.04982,0.165,20.0,"strap 13, please. strap 13. pick up rubber. and that's p6 as well. oh man, i gave everything i had. i really wanted to get the p5 because",24,1
clip_0062,Calm,0.4903,Calm,0.65,Calm,0.5542,False,157.58,110.37,24.98,0.07373,0.06698,0.1713,4.096,"we still gained the overlamp, but we were out.",9,0
clip_0829,Calm,0.896,Calm,0.65,Calm,0.7976,False,99.75,64.62,13.91,0.08593,0.05037,0.1675,10.336,"turn 13 is 170, does at least 7 ahead, 275 and a straight. everything looking good.",12,0
clip_0546,Calm,0.9022,Calm,0.65,Calm,0.8013,False,121.24,123.91,32.36,0.08903,0.04532,0.1442,20.0,"the car ahead, gathley's just slowed up to let the clerk through, he's in turn 14. hamilton will catch up a few quickly. the next car is bairman, turn 13. clear ahead. this lap, keep the revs up, should be in the phase with cars behind.",44,0
clip_1253,Frustrated,0.4244,High Stress,0.7,High Stress,0.28,False,236.17,605.37,129.17,0.08304,0.05554,0.1495,35.0,"2010, both fighting for the win until, boom, this happened. and while weber managed to keep going in stay calm, vettel was out of the race and absolutely lost his mind on the radio. now sure, the most disrespectful radios are usually the ones full of swearing and screaming, but honestly, sometimes the most soul-crushing ones are the subtle ones and the ultimate example is germany 2010.",64,2
clip_0371,Calm,0.8932,Calm,0.65,Calm,0.7959,False,99.1,82.28,39.65,0.07453,0.05765,0.2593,5.312,"latest truck temp was 26 degrees, speed raise was 28 at the beginning.",11,0
clip_0247,Calm,0.6888,High Stress,0.7,High Stress,0.4133,False,109.98,152.52,33.59,0.0832,0.05526,0.2148,20.0,"antonelli, same track and wind. norris 6. norris 6 will be mode push out of last corner. norris 5. norris. norris 8. russell out of the lap.",23,2
clip_0011,Calm,0.7363,High Stress,0.7,High Stress,0.4418,False,133.81,184.14,51.12,0.06889,0.04111,0.2094,20.0,"either we just drop on the platform, we think it's tight, or we think it's something else. is there anything else dave? it's a very slippery path, so it's a good sign. i'm sorry, it was a second to everything else.",41,2
clip_1120,Calm,0.8484,Calm,0.65,Calm,0.7691,False,113.49,111.5,31.98,0.08368,0.05448,0.2452,20.0,"lap in 39.4, the gap to him is for 18.4 seconds. two laps to go. last lap. that's the checker flag for us. mode slow, mode slow. take the pick up. you are p15. race winner antonina.",34,0
clip_0660,Calm,0.9539,High Stress,0.7,Calm,0.5723,False,137.67,251.57,48.78,0.08828,0.04678,0.1646,20.0,and we think maybe using a wider line apex 2 might help the front left. mode 11 and slow mode off. if we can get some proof throttle you can go offset 3 if you can take it. slow mode on. mode 4 in the background you can catch the pack.,47,0
clip_0082,Frustrated,0.5811,High Stress,0.7,Frustrated,0.3487,False,123.21,204.69,55.07,0.08909,0.0451,0.1472,20.0,"we might just lift the button, see for turn 1. we take that corner, right on. w, left corner. turn on high rpm. time to go again. negative. yeah. yeah, i fucked up.",32,1
clip_0174,Calm,0.4392,High Stress,0.7,High Stress,0.28,False,117.5,150.4,39.43,0.08524,0.05187,0.1552,20.0,"the head of you are 38, b38, 2i38 also we think we want to go and we need higher than stages 2 carlos, we need higher than stages 2 thank you very much",28,2
clip_1254,Frustrated,0.7299,High Stress,0.7,Frustrated,0.4379,False,195.95,497.03,89.0,0.07592,0.04285,0.1729,35.0,"alonso was leading, ferrari wanted alonso to win to boost a title fight, and they had to tell the brazilian to get out of the way. like this. cold, brutal, zero vibes. masa accepted it, but not without making a point. he slowed down on the straight so everyone in their grand mar can see that this wasn't a real overtake, but a straight up team order. alonso obviously went on to win the race, and just to make it even better, team orders were actually illegal back then, which is why ferrari",93,1
clip_0967,Calm,0.6421,Calm,0.65,Calm,0.6452,False,107.88,100.18,17.83,0.08562,0.05125,0.1589,20.0,"gap behind stable one second. reminders to keep one line under braking and being attacked. gap 1.2 behind now. tire management is all good. only drift loss is 1.2. 30 laps to go. gap behind stable 1.2. only loss, drop on the front, turn 3. focus, exit.",42,0
clip_0301,High Stress,0.2734,High Stress,0.7,High Stress,0.4441,False,183.26,451.46,146.14,0.09043,0.04236,0.1452,20.0,"okay, slow button please, slow button on. a fail, eat, poor, fail. fail, eat, poor, fail.",16,2
clip_0501,Calm,0.9072,Calm,0.65,Calm,0.8043,False,118.98,129.83,30.68,0.08695,0.04908,0.1527,20.0,"25. okay, lin blatt now, and then next is hulkenberg 5 behind. just push on the in lap here to make up some time. hulkenberg 3 behind pushing, so just watch for hulkenberg 3. hulkenberg still 3, he's the only pushing car for now. hulkenberg 2 pushing.",41,0
clip_0866,Calm,0.8794,High Stress,0.7,Calm,0.5277,False,95.53,177.94,25.04,0.08782,0.04765,0.1987,20.0,"so i'm working. max 3.5, hazley 4.6, 12 to go. max will repair his slowdown on track. does he stop quick to try? negative, he's trying to get back. trying to get back. hazley 4.5",31,0
clip_0642,Calm,0.9297,Calm,0.65,Calm,0.8178,False,133.03,100.84,23.56,0.08373,0.05416,0.2305,5.728,happy to get what sir? we can go to zero now and then like that we don't just sink into the after a platform.,24,0
clip_0564,Frustrated,0.495,High Stress,0.7,Frustrated,0.297,False,111.51,233.39,39.82,0.08828,0.04668,0.191,20.0,"you want to do another push? yes we will antonio, you need to go shit you tell me we don't need this set it's up to you, i will do that up yeah, just have it fall down with tires it's your focus avoid short",45,1
clip_0986,Calm,0.9689,High Stress,0.7,Frustrated,0.5813,False,156.1,1932.7,269.53,0.08297,0.05567,0.1833,20.0,"you know at the start i had everything under control before the safety car, we had like a good gap then after it was flossed out with that, but anyway, it's been a very good weekend guys thanks for the car that was very enjoyable",45,1
clip_0957,Calm,0.9253,Calm,0.65,Calm,0.8152,False,124.87,107.38,31.11,0.08596,0.05081,0.1542,20.0,"45, including this one. so we're going to keep monitoring mate, for now let's work to plan it. anything i've got a 10th compared to the first 10th or half you would have. your first 10th was spot on. same again please. absolutely spot on. and again you were 3-4 10ths quicker than all cars been.",50,0
clip_0982,Calm,0.7065,Calm,0.65,Calm,0.6839,False,114.05,102.29,29.44,0.08389,0.05426,0.1596,19.808,"last lap, press and hold boost. press and hold boost all the way to 14. press and hold start, can you find it? i might as well check it. strap 13, please. strap 13. pick up rubber. oh man, i gave everything i had. i really wanted to get the p5 because",48,0
clip_0317,High Stress,0.4761,High Stress,0.75,Frustrated,0.3,False,220.08,1955.54,458.16,0.07449,0.05037,0.2751,20.0,"flag for us, mode slow, mode slow, take the pick up you are p15 uh, copy far too many issues with the engine unfortunately",23,1
clip_0380,Calm,0.9658,Calm,0.65,Calm,0.8395,False,102.71,111.37,19.22,0.07815,0.05371,0.1896,20.0,"1.5 ahead, 2.4 behind, turn 1 at the limit for us now so we're happy where we are. green 9, position 13, so we limit some of the sliding power in 7. mawson, greening at level 2, who is also reporting greening.",35,0
clip_0447,Calm,0.4675,High Stress,0.7,High Stress,0.2805,False,109.98,172.36,42.72,0.08491,0.04771,0.1921,20.0,i turned what was getting up there in terms of the limit but we're going to have a 45 lap remainder from across the line. absolutely not really bad. we should try going hpp shift position three. hpp shift position three. bye!,41,2
clip_1287,High Stress,0.7132,High Stress,0.75,High Stress,0.7279,False,363.58,766.33,137.79,0.06778,0.03977,0.1667,22.528,"what is wrong with him? what? good place. it can go right down to the checkered flag. oh! and that's max verstappen! max verstappen on the main straight! leading this race, now out of this race! tyra!",37,2
clip_0801,Calm,0.7619,Calm,0.65,Calm,0.7171,False,127.78,77.63,20.43,0.08389,0.05401,0.2233,7.072,i think i could get away with 58 big balance in that sixth then because i keep going rearwards but that second lap i had that rear locking.,27,0
clip_1358,High Stress,0.8065,High Stress,0.7,High Stress,0.7639,False,371.21,801.52,225.09,0.06587,0.0463,0.1114,35.0,boom! what am i fine? i didn't know what i was fine for. am i fine for the next spot ahead or this car?,24,2
clip_0867,Calm,0.9115,Calm,0.65,Calm,0.8069,False,93.33,70.55,10.99,0.08961,0.04414,0.2047,20.0,"9, 11 to go ollie, suggest ev6, gazzly, gazzly 3.1, 10 to go, max meter back to the pits, gazzly 3.5, 9 to go.",17,0
clip_1002,High Stress,0.65,High Stress,0.7,High Stress,0.39,False,131.38,184.21,55.95,0.07228,0.0667,0.1679,19.712,"hamilton then arvid lindblad listed as p6, charles leclerc in seventh. man, the safety car is so slow. yeah, copy. well, see what we can do. look at ollie, the safety car in this lap. it's in a very good position, ollie. copy.",42,2
clip_1249,Frustrated,0.6263,Frustrated,0.6,Frustrated,0.6158,False,284.71,1047.65,274.5,0.04882,0.03461,0.1734,35.0,"just when it comes to the rest of the grid, he doesn't hold back at all, quite the opposite. he always takes the chance to drop some as you probably know by now, what goes around comes around. yuki can go around insulting everyone wherever he goes, but people talk about him too. one of the most brutal messages i remember aimed at him was bottas's in austria 2021 and one of the yuki blocked him in qualifying.",77,1
clip_0089,Calm,0.7689,Calm,0.65,Calm,0.7214,False,109.11,18.39,4.7,0.09155,0.03893,0.168,3.104,"okay, let's try, give me a good feedback on the build up about the wind.",15,0
clip_0526,Calm,0.9028,High Stress,0.7,High Stress,0.5417,False,127.37,171.75,33.8,0.08923,0.04478,0.1646,20.0,happy with your toggle use. you could add the left hand shoulder to the paddle use. so first car time-lapse is albon just leaving turn 3. in front of you you should have good gas. albon is approaching,36,2
clip_1175,Calm,0.9503,Calm,0.65,Calm,0.8302,False,101.07,64.63,14.08,0.07847,0.06184,0.2297,20.0,"stay to the left side between 13 and 14 for debre. our behind is now alonso 2.6 behind. alright, debre is clear. check out how to slight issue. looks to be resolved. gap is now 2.6 to him behind.",35,0
clip_0703,Calm,0.9394,High Stress,0.7,Calm,0.5636,False,97.84,150.82,26.26,0.08882,0.04576,0.1653,20.0,"so currently p13, five cars ahead did not stop. let's call it a bit slower. the target would be to the pride nurses to the end.",25,0
clip_1346,Frustrated,0.3375,High Stress,0.75,High Stress,0.3,False,457.25,1910.13,471.14,0.05886,0.05509,0.2174,27.592,"what are you doing baby? 27, 7 that's 3 seconds faster. oh it went 297, sorry it went 297. you fuck. you always just sit here, salt, alright.",23,2
clip_1006,Frustrated,0.9361,High Stress,0.7,Frustrated,0.5616,False,148.8,243.8,67.58,0.06071,0.05122,0.1744,19.968,george russell passed by both ferraris at the start of the hard tyre stint. we're gonna f ing grab us. hamilton knows how to win around here. can he now take the lead like he did yesterday? that's the aim. well done.,43,1
clip_0663,Calm,0.9269,High Stress,0.7,Calm,0.5561,False,152.32,416.88,73.75,0.0873,0.04811,0.1672,20.0,"and yeah, our launch in front of you is from the start and h lkenberg in p8 is also from the start. some cool parts about what you can. safety car will be in this lap. mode 11 slow mode off. charge on. mode 4 in the background. you can go offset minus 1. and for the",53,0
clip_0172,Calm,0.9506,Calm,0.65,Calm,0.8303,False,106.76,147.1,25.44,0.06981,0.04557,0.1687,20.0,"to go. to the left. watch out for that. eight flight. hard runner, lawson, 38.5. the per music is good.",19,0
clip_0834,Calm,0.955,Calm,0.65,Calm,0.833,False,104.5,10.23,2.56,0.08168,0.05629,0.2049,2.432,copy.,1,0
clip_0314,Calm,0.6619,Calm,0.65,Calm,0.6571,False,89.03,80.1,17.09,0.07227,0.05298,0.2219,20.0,"13th in our second grand prix in everyone in history. that's not bad. proud of everyone. good job, good to see the flag. that's down to, oh god, look at the view. thank you. thanks.",34,0
clip_1344,Frustrated,0.7228,High Stress,0.75,Frustrated,0.4337,False,416.44,1976.06,452.84,0.05561,0.05052,0.2363,15.424,"i'm fine, it's all p1 stop talking to me while i'm in fricking battle man, jeez where am i losing?",19,1
clip_0667,High Stress,0.8775,Calm,0.65,Calm,0.5265,False,144.62,149.54,41.53,0.0868,0.04946,0.1835,20.0,"the printer is holding the back, ghastly, same tires as you, pudgenberg, old hard. i feel like i have really poor energy down the back side. as in front have overtake mode, pugleton 7.8. pudgenberg now in front of you, old hard. really bad braking, couldn't see anything.",47,0
clip_0432,Calm,0.9308,Calm,0.65,Calm,0.8185,False,146.0,85.78,26.66,0.08218,0.05579,0.2373,2.432,so we've got george p2.,4,0
clip_0063,Calm,0.9517,High Stress,0.7,Calm,0.571,False,128.19,168.26,26.69,0.07037,0.0707,0.2284,6.464,"very much do it in it. yep, so you recommend staying shape 3.",12,0
clip_0926,Calm,0.4762,Calm,0.65,Calm,0.5457,False,115.63,137.5,32.61,0.07813,0.06228,0.1746,20.0,"off the berg 1 and i'm on the behind land, a little behind him. and the real set, let's go. track 1 and box you are safe for 3, welcome. cheers, esq. lift off, you smell a lot of sweet energy in the lab.",41,0
clip_0104,Calm,0.842,High Stress,0.7,Calm,0.5052,False,121.51,191.72,41.34,0.07873,0.05697,0.1566,20.0,"7 is all pretence so i'll be short of ac2 with the countdown 6, 7, 6, 5 where else? 3, 2, 1 scenery head go out, go out with the berg on the push number 5",26,0
clip_0403,Calm,0.9424,High Stress,0.7,High Stress,0.5655,False,180.73,1005.56,270.56,0.08223,0.04797,0.2107,20.0,"you have scope to go up on this mid. and five laps remaining. look into ahead doing 37, 8. yellow back to 14. mid. three laps remaining. and one more lap. okay, so strap.",31,2
clip_1341,High Stress,0.4026,Calm,0.65,Calm,0.26,False,133.51,26.49,6.5,0.06862,0.06819,0.1738,5.536,and the new one that's called practice and it's difficult i'm not close enough copy i'm not close enough,19,0
clip_0947,Calm,0.9437,Calm,0.65,Calm,0.8262,False,115.57,129.38,23.27,0.06565,0.04408,0.1632,20.0,"yeah, understood. gap 3.7, oars looking good mate, just keep going. increase management, turn 8. increase management, turn 8. watch up trips into 1, down trips into 1. gap behind 4.1, no driven losses. end time management, that's it. okay, another step increase of management, turn 8 please. little bit more management.",45,0
clip_0448,Calm,0.7958,High Stress,0.7,High Stress,0.4775,False,118.44,238.61,48.52,0.08293,0.05572,0.1738,20.0,the safety goes so slow. copy. let's see what we can do. so we've got colopinta and occult behind 10 lap old hard tyres. some hard runners were complaining about tyre condition. we are going to have to manage this hard in the opening laps. marshall's on track.,47,2
clip_0199,Calm,0.9518,High Stress,0.7,Calm,0.5711,False,102.59,150.15,27.62,0.08268,0.05594,0.1579,20.0,8.7s i need to go all high-management but you have to go sure you manage this with the brake and this with the brake of course and one has to brake a bit earlier and less with the brake,37,0
clip_1118,High Stress,0.65,Calm,0.65,High Stress,0.39,False,139.46,131.28,28.9,0.08711,0.04895,0.216,20.0,and safety car windows is closed for us captain ocon 3.2 captain ocon 3.2 captain ocon 19 seconds he's running in 39.3 captain ocon,20,2
clip_1085,High Stress,0.4674,Calm,0.65,High Stress,0.2805,False,115.96,113.58,25.53,0.087,0.04693,0.2301,20.0,and select mode race mode race boost is available boost is available overtake available plus 1 on ray balance alone so it's losing overtake from vottas and captain vottas at 0.9,29,2
clip_1335,Frustrated,0.5873,High Stress,0.75,Frustrated,0.3524,False,227.65,331.02,125.29,0.06565,0.0627,0.1772,6.176,k1 available. yes i know. leave me to it please. leave me alone!,12,1
clip_0702,Calm,0.8787,High Stress,0.7,Calm,0.5272,False,106.63,174.51,39.47,0.07657,0.04397,0.1617,20.0,"work be totally resilient to graining maps. save the card and play. dash monster, save the card, dash monster. staying out. so slow button, i'll play slow button. display 10, position 1, display 10.",31,0
clip_1352,Calm,0.9204,Frustrated,0.6,Calm,0.5522,False,223.07,1965.71,321.51,0.04616,0.04738,0.1885,17.184,eventually you're absolutely right. there's no issue between us probably. try again to downshift now please. this is working otherwise we won't take your hand. i'll just tell what you are.,31,0
